name;rating;min_price;rating.quality_of_sleep;rating.location;rating.service;rating.cleanness;rating.meal;lon;lat;id
Вдохновение;8.5;3500;8.5;8.9;8.1;8.5;8.5;107.354812;53.196358;496528_101hotels
Кемпинг-отель Ольхон;8.9;3000;8.7;8.9;8.9;9.1;9.6;107.35403;53.194243;249578_101hotels
Баргузин;9.2;6500;9.3;9.8;9.1;9.4;10;107.351443;53.200021;570584_101hotels
Берег Надежды;9.1;3600;8.9;9.4;9.1;8.9;9.3;107.33;53.19444839;15210_101hotels
Порт Ольхон;8.7;14000;8.5;8.7;8.3;8.5;8.1;107.332004;53.193143;458938_101hotels
Дача БайкалЭко;9;6000;9.3;8.9;9.4;9.6;9.6;107.349862;53.191616;654408_101hotels
Baikal View Hotel;9.3;8750;8.9;9.1;9.6;9.4;9.3;107.307;53.17815559;15192_101hotels
BaikalWood Eco Lodge & Spa;9;10500;8.9;9.3;9.6;9.4;9.4;107.361;53.19407291;227948_101hotels
Эльдорадо;9.1;5000;9.1;9.1;8.9;9.1;8.7;106.8731;53.02227563;13175_101hotels
Флагман;9.4;9500;9.6;8.9;9.6;9.8;10;107.35624;53.192522;496517_101hotels
Усадьба Набаймар;8.9;5859;9.1;9.1;8.7;8.9;8.9;107.338;53.1971546;650956_101hotels
ENDEMIC;8.5;6500;8.3;9.1;8.9;8.7;8.7;106.825;53.03840587;559425_101hotels
Звезда Кочевника;8.7;9500;8.7;9.1;8.5;8.9;8.7;107.359;53.198316;559466_101hotels
Мелодия Ольхона;9.1;6500;9.3;9.4;9.3;9.4;9.3;107.412;53.22354029;632322_101hotels
Да-ши;8.7;6960;8.5;9.3;8.9;8.7;8.3;106.805;53.07949051;9002_101hotels
Чара;9.3;8679;9.3;9.3;9.3;9.4;9.4;106.80373;53.07369;9198_101hotels
Алтан;8.7;2600;8.7;9.3;7.9;8.5;9.1;106.80505;53.09516;13168_101hotels
Воробьёвы горы;8.4;7000;8.3;8.5;8.7;8.9;8.7;106.8872;53.00043932;13169_101hotels
Родные берега;8.9;4000;9.1;7.8;8.7;9.3;9.3;106.807;53.07954112;13170_101hotels
Сарминская;8.9;1200;8.9;9.4;8.9;8.9;9.8;106.81133;53.07617;13171_101hotels
Тойнак;8.5;3000;8.3;8.7;8.1;8.1;8.3;106.81101;53.08818;79583_101hotels
Комфорт румс на Байкале;7.2;600;6.8;7.2;7.4;6.8;7.2;106.83286;53.10173;490451_101hotels
Ранчо Лагуна;8.5;2010;10;10;10;10;10;106.95399;53.172257;167120_101hotels
Уединенный домик на Байкале;7.9;1500;7.6;8.3;7.6;7.6;8.7;106.84292;53.09804;490452_101hotels
Золотая Антилопа;8;1500;8.7;8.7;8.7;8.7;8.7;106.96851;53.180813;167122_101hotels
Сарма;7.6;2000;8.7;8.7;8.7;8.7;8.7;106.83567;53.09902;490456_101hotels
Пирс;8.2;2160;9.3;9.3;9.3;9.3;9.3;106.95111;53.17106;167128_101hotels
Sarmagrad;7.8;750;7.6;8.5;6.8;7.8;0;106.83537;53.10285;559421_101hotels
Уюга;8.2;5500;9.3;9.3;9.3;9.3;9.3;106.947;53.16793925;188946_101hotels
Звезда;0;2000;0;0;0;0;0;106.80684;53.06803;559423_101hotels
Уюга;8.8;4000;9.1;9.4;9.4;9.4;9.4;106.948;53.16795027;273454_101hotels
Гостевые комнаты Сарма Байкал;6.1;500;5.5;7.2;5.5;6.6;0;106.79499;53.0672;559424_101hotels
Юрточное Кочевье;8.9;2200;0;0;0;0;0;106.945;53.16566463;458846_101hotels
Мухтуя;9.6;3500;9.6;9.6;9.3;9.6;0;106.7988;53.08306;559427_101hotels
Усадьба Дорофеева;9.7;4500;10;9.6;9.6;9.8;0;106.96758;53.16957;559410_101hotels
База отдыха Берег Байкала;9;0;7.8;9.3;9.3;9.3;10;106.80195;53.08745;625682_101hotels
На Байкале;8.6;2800;9.3;8.5;7.4;8.7;0;106.96873;53.17835;625379_101hotels
Большой дом в центре Сармы;8;3500;5.9;8.3;6.6;7.6;0;106.83394;53.1014;625690_101hotels
Данко;8.7;7600;8.9;9.1;8.5;8.9;0;106.95145;53.17049;625382_101hotels
В Сарме на Веселой;8.4;500;8.3;7.9;7.4;8.5;0;107.03768;53.36066;625694_101hotels
Домик на Байкале;8.8;3680;8.3;8.9;7.4;9.3;0;106.96017;53.17944;625390_101hotels
Уединённый домик на Байкале в Сарме;7.5;3500;6.4;6.4;7.4;7.2;0;106.84309;53.09978;625698_101hotels
Ольтрек;6.2;2520;6.1;7.4;6.1;6.4;0;106.95834;53.17291;636780_101hotels
Байкал-Кантри;0;4600;0;0;0;0;0;106.96;53.18039046;654649_101hotels
Данко;0;5000;0;0;0;0;0;106.951;53.16992394;654651_101hotels
Имение Заречное;8.9;530;10;10;10;10;0;106.059;52.536318;87383_101hotels
Восточная ферма;8.9;2000;0;0;0;0;0;106.066834;52.547277;244949_101hotels
Куяда на Байкале;8.5;400;8.7;8.7;8.7;8.7;8.7;106.13457;52.557785;362290_101hotels
Baical-camp;8.1;3500;8.1;7.9;8.1;8.5;7.2;106.05802;52.537343;609283_101hotels
Дом на Байкале;0;1125;0;0;0;0;0;106.07435;52.55689;609311_101hotels
Зуун Хагун;7.8;2300;7.4;9.4;7.8;7.6;8.7;106.812;53.03337805;78755_101hotels
Звезда;7.6;0;9.1;8.1;9.1;8.1;7.8;106.81015;53.074066;78756_101hotels
Monte Sergio;9.8;2000;9.3;9.3;8.9;9.8;0;106.78081;53.052057;78757_101hotels
Байкал - Дар;9.6;6500;9.3;9.1;9.3;9.3;9.3;106.774;53.06751259;78758_101hotels
Турбаза Бриз;9.2;3000;9.1;9.6;8.9;9.3;10;106.78316;53.05321;489617_101hotels
На Байкале;0;0;0;0;0;0;0;106.79499;53.0672;559452_101hotels
Villa Peony;0;25000;0;0;0;0;0;106.82946;53.03789;608518_101hotels
С видом на Байкал;0;1692;0;0;0;0;0;106.80189;53.02896;608519_101hotels
Таловское;9.3;5450;9.1;9.1;8.9;9.3;9.3;106.009;52.73259292;64543_101hotels
Ласточка;9.1;8000;9.3;9.1;8.9;9.4;9.6;106.87;53.02007053;13176_101hotels
Лучший в МРС;9.7;3000;9.3;10;9.6;9.4;0;106.88;53.02010334;13177_101hotels
Азатей;7.4;3000;9.3;8.9;8.5;8.5;10;106.873;53.02307495;13178_101hotels
Байкальская Радуга;8.9;5400;9.4;8.9;8.7;8.9;0;106.85121;53.03013;13179_101hotels
Гэсэр;8.3;4000;10;10;9.6;9.6;10;106.86;53.0248405;13180_101hotels
Тогот;8.5;2150;0;10;10;10;0;106.78003;53.02848;13181_101hotels
Чайка;7.2;500;9.3;9.3;9.3;9.3;9.3;106.82;53.02732748;13182_101hotels
Байкал-Майами;7.6;1000;0;8.7;10;10;0;106.879;53.01358094;13183_101hotels
Баяр;9.6;8009.3;8.9;9.6;9.4;9.6;0;106.8497;53.03079;13184_101hotels
Чабрец;9.3;7000;9.3;9.3;9.4;9.4;9.6;106.825;53.02601847;13185_101hotels
Два Бегемота;8.7;1600;10;9.6;10;9.8;9.6;106.86;53.022365;13186_101hotels
Ковчег Байкала;8.2;1400;0;10;8.7;10;0;106.8799;53.021692;13187_101hotels
Наратэй;8.9;4800;9.6;8.7;8.7;8.9;10;106.84;53.02922816;17216_101hotels
Байкал Люкс Арена;9.1;3600;8.7;9.8;9.6;9.6;8.7;106.869794;53.022862;29817_101hotels
Дыхание Байкала;8.2;2200;9.3;9.3;9.3;9.3;9.3;106.8692;53.02268294;189085_101hotels
Тутайский прибой;8.2;0;9.6;9.6;9.3;9.6;9.3;106.90147;52.99429805;424517_101hotels
Мандархан View;8.5;3500;9.3;10;10;9.4;9.3;106.82489;53.03883;484786_101hotels
Базарка;8.3;2000;9.6;9.6;9.6;9.6;9.6;106.86334;53.02041;485124_101hotels
Гагарин Хаус;8.3;1600;10;10;10;10;10;106.8696;53.02259;490555_101hotels
Панорама;0;6000;0;0;0;0;0;106.88205;53.02046;490557_101hotels
Сохтор;8.9;800;9.8;10;10;10;10;106.77041;53.02111;490558_101hotels
Золотой берег;7.6;800;8.7;8.7;8.7;8.7;8.7;106.86952;53.02212;496550_101hotels
Villa Baikal Prestige;0;0;0;0;0;0;0;106.83043;53.03781;559436_101hotels
Алтан Хада;9;2200;8.1;8.9;9.3;9.3;0;106.89;52.99115804;559447_101hotels
База отдыха Фрегат;8.6;6165;8.7;9.8;8.3;9.3;0;106.84718;53.04615;559451_101hotels
Нина;3.5;1400;4.4;6.6;3.4;4.9;0;106.88076;53.016508;609230_101hotels
Базарка на малом море Байкала;0;2700;0;0;0;0;0;106.88216;53.01565;609234_101hotels
Байкал Miami гостевой дом;7.5;3600;7.6;9.1;8.1;7.6;0;106.88028;53.01367;609244_101hotels
Дом с видом на Байкал;0;3440;0;0;0;0;0;106.88216;53.01565;609253_101hotels
Жемчужина Байкала;9.6;3000;8.9;8.7;8.7;9.3;0;106.88918;53.01678;609271_101hotels
Куркут Байкал;0;0;0;0;0;0;0;106.82829;53.0323;609292_101hotels
Эскизы Байкала;9;3750;10;9.4;9.1;9.8;0;106.86672;53.02257;609328_101hotels
Белая Усадьба;8.9;13000;0;0;0;0;0;106.89986;53.01569;625689_101hotels
Байкальская бочка;0;0;0;0;0;0;0;106.831;53.04168743;652056_101hotels
Хороший;0;30000;0;0;0;0;0;106.887;53.01693539;651768_101hotels
Азатей;8.2;5000;8.7;8.7;10;10;8.7;106.875;53.02014914;651726_101hotels
Пушкина;9.1;6000;8.7;9.4;8.3;9.1;0;107.341;53.19670275;15194_101hotels
Оазис;9.6;1800;9.6;9.6;9.6;9.8;10;107.334618;53.190677;15195_101hotels
Иволга;9.4;5000;9.3;9.1;8.9;9.4;9.6;107.33;53.19392974;15196_101hotels
Тимур;9.4;1600;9.6;8.3;9.3;9.8;0;107.3159;53.1767;15198_101hotels
История Ольхона;9.4;5900;9.6;8.7;8.7;9.3;0;107.35665;53.19669;15199_101hotels
Валентины;9.6;2700;9.4;9.6;9.4;9.6;10;107.35;53.1933666;15202_101hotels
Адмирал;9.1;3400;9.1;9.3;8.9;9.1;9.3;107.3459;53.19161466;15203_101hotels
Как Дома;9.6;3100;8.1;9.6;8.7;9.6;0;107.348;53.19525505;15204_101hotels
Солнечная;9.1;1900;8.3;8.7;8.3;8.5;8.7;107.35;53.19679108;15205_101hotels
Байкал Хан;8.2;7475;8.5;8.9;8.7;8.7;9.4;107.351;53.19896002;15206_101hotels
Байкал;9.3;5000;9.3;9.6;9.3;9.1;9.8;107.349521;53.200841;15207_101hotels
Байкальский Прибой;9.1;3000;7;9.1;7.2;7.2;0;107.35225;53.19394;15208_101hotels
Воскресение;10;5800;9.4;10;9.8;9.6;0;107.34;53.19560382;15211_101hotels
Гостиный Двор Ольхонский;8.9;2000;8.1;9.4;8.9;9.1;8.7;107.35292;53.1958;15212_101hotels
Диана;9.4;1870;8.9;10;8.7;9.1;0;107.346;53.19375809;15213_101hotels
Отдых на Байкале;9.3;3200;8.5;9.1;7.9;8.9;0;107.337;53.19136459;15214_101hotels
Филоксения - Ольхон;10;15176.8;10;10;10;10;10;107.335049;53.195651;15215_101hotels
Таёжная Сказка;9.3;3000;9.8;9.1;9.3;9.8;10;107.34968;53.1898;15216_101hotels
Алдартай;8.7;5100;8.7;9.1;8.5;8.7;8.9;107.3520782;53.1940859;17117_101hotels
Золотая рыбка;8.3;3000;9.3;9.6;9.1;9.3;0;107.34078;53.19685;26677_101hotels
Первая Экспедиция;9.1;1050;9.6;9.3;9.6;9.4;10;107.396;53.21627001;29303_101hotels
Караванка;9.1;5000;8.9;8.9;8.9;9.1;9.3;107.3194;53.1844113;70035_101hotels
СаРайский;9.1;6100;9.1;9.3;9.1;9.1;8.7;107.35335;53.20239;74178_101hotels
Копылова;8.2;1800;8.7;10;10;10;10;107.3478408;53.1910902;84801_101hotels
Вилла Малина;9.3;14000;8.5;9.4;8.5;8.7;0;107.35083;53.201089;84803_101hotels
На Первомайской;9.4;4500;9.6;9.8;9.4;9.6;8.7;107.33773;53.19736;98725_101hotels
Байкальский;9.6;7000;8.9;9.6;9.8;9.8;8.7;107.35739;53.19515;151535_101hotels
Ирбис;9.3;10000;9.1;9.3;9.4;9.4;9.4;107.3513;53.19527515;189278_101hotels
Байкал на Ворошилова;8.9;4600;0;0;0;0;0;107.35223;53.197312;189403_101hotels
MirAni;9.4;8000;9.4;8.3;8.9;9.1;0;107.334977;53.188676;378586_101hotels
Star of Baikal;9.6;7000;9.6;8.9;9.3;9.4;0;107.33588;53.1957;378839_101hotels
Теремок;9.4;2700;9.6;8.9;9.4;9.6;7.2;107.338;53.19625;379115_101hotels
Зара;8.3;1040;9.4;10;9.4;9.4;9.4;107.34747;53.193144;383193_101hotels
Беликовская;10;3500;9.4;9.8;9.6;9.4;0;107.351309;53.195981;388172_101hotels
Гостиный Двор;8.9;6500;0;0;0;0;0;107.35498;53.19539;404844_101hotels
Аленка;9.4;9975;9.1;9.1;9.1;9.1;8.7;107.342361;53.198451;422975_101hotels
Шигиных;9.4;3200;8.5;9.3;9.3;9.4;10;107.34954;53.18936;422977_101hotels
Самита;8.3;1900;8.5;8.9;8.5;8.5;8.7;107.34949;53.1955;422976_101hotels
B&B Гости;9.1;5985;8.7;8.9;9.1;9.8;8.7;107.336648;53.195026;435313_101hotels
Юрты Ольхона;8.2;0;9.3;8.7;9.3;9.3;9.3;107.33561;53.18819;481662_101hotels
На Юбилейной, 17;7.6;700;8.7;8.7;8.7;8.7;8.7;107.33068;53.1906;484661_101hotels
Ханхойская;8.2;4000;8.7;8.7;8.7;8.7;8.7;107.187;53.14752044;485014_101hotels
У Петра;6.7;600;7.6;7.9;7.6;7.6;7.9;107.42465;53.22729;489484_101hotels
Байкал Номад;7.8;1300;7;6.6;7.9;7.9;0;107.36089;53.19703;489826_101hotels
Guest House Dudeevykh;8.9;4000;8.3;9.4;8.5;8.9;0;107.33068;53.1906;489827_101hotels
Виктория;6.5;4800;0;0;0;0;0;107.34388;53.19391;489829_101hotels
На Таежной, 16;8.7;1500;10;10;10;10;10;107.34411;53.18931;496515_101hotels
Филиз;9;0;9.4;9.8;8.9;9.4;10;107.33068;53.1906;496516_101hotels
Багульник;8.7;2500;8.7;8.5;8.3;8.7;0;107.33068;53.1906;496518_101hotels
Наталья;8.5;2500;10;10;10;10;10;107.33364;53.19405;496519_101hotels
Рыбацкий берег;8.7;5500;8.5;9.1;8.5;8.7;8.7;107.336396;53.193628;496521_101hotels
Шаманка;9.6;6500;9.6;9.6;9.6;9.6;10;107.35343;53.19962;496522_101hotels
У Ирины;9.8;4000;9.6;9.8;9.6;9.8;10;107.34415;53.19521;496523_101hotels
Усадьба Филатовых;8.1;1800;8.7;8.7;7.4;7.4;7.9;107.34217;53.19279;496524_101hotels
Деревенский дом на Ольхоне;6.7;3000;0;0;0;0;0;107.34186;53.19697;496526_101hotels
Волна плюс;0;0;0;0;0;0;0;107.34418;53.19377;496527_101hotels
Жуковых;9.8;1250;9.6;9.4;9.6;9.8;10;107.31579;53.17604;496529_101hotels
Лазаревых;9.4;2500;9.4;9.3;9.4;9.6;10;107.359;53.19700672;496530_101hotels
На Горького;7.9;3000;7.9;7.9;7.9;7.9;7.2;107.34129;53.19185;496531_101hotels
Семейный мини-отель на Ольхоне;8.6;4320;8.1;8.9;8.7;9.4;0;107.34378;53.19476;496532_101hotels
Усадьба Радана;8.5;2500;8.3;10;8.9;9.3;0;107.3414;53.1942;496533_101hotels
Уютный;8.5;1800;8.3;9.4;7.9;8.7;0;107.3381;53.19695772;496534_101hotels
Paradise Island;8.5;2250;10;10;10;8.7;10;107.35474;53.196072;500753_101hotels
LakePlace;8.3;6500;9.1;9.3;8.7;9.4;0;107.35255;53.19742;500754_101hotels
Песчаный;9;5000;8.9;8.1;7.6;8.9;0;107.33068;53.1906;514120_101hotels
Панорама;9.1;6000;8.7;9.1;8.9;9.4;8.7;107.35019;53.19907;514122_101hotels
ОЛЬХОН;8.5;2500;10;8.7;10;10;10;107.354;53.19383874;514123_101hotels
Цветок под Снегом;8.9;800;8.5;8.9;7.8;8.5;0;107.33149;53.18814;514125_101hotels
Baikal Nomad;9.3;3500;9.4;8.9;8.3;9.6;0;107.36098;53.19666;559446_101hotels
На Ольоне;9.4;1500;9.1;8.1;8.9;9.6;0;107.344778;53.188654;559449_101hotels
Guesthouse Baykalskie Zori;8;3000;9.6;10;9.1;9.4;0;107.35973;53.19846;559455_101hotels
Guesthouse on Beregovaya 20;9.8;3500;9.3;9.1;9.3;9.4;0;107.3218;53.18622;559456_101hotels
Holiday Park on Olkhon;8.9;3600;9.3;8.5;9.1;9.6;0;107.34188;53.19008;559458_101hotels
Ольхонские терема;8.3;3000;9.1;7.9;8.5;9.1;0;107.34515;53.18888;559459_101hotels
Piplolxon;8.5;5400;8.5;9.3;9.3;9.1;0;107.36191;53.19817;559461_101hotels
Shambala;0;4500;0;0;0;0;0;107.35214;53.19872;559462_101hotels
У Лукоморья;8.7;4400;9.3;9.3;9.3;9.8;0;107.33068;53.1906;559463_101hotels
Жемчужина Ольхона;8.7;2000;8.1;9.1;7.9;8.7;0;107.34784;53.19109;559465_101hotels
На Таежной;8;4000;8.9;8.9;8.9;8.5;0;107.34529;53.18887;559467_101hotels
Ольхон Шоколад;9.1;6000;9.1;9.4;8.9;9.6;0;107.36171;53.19791;559468_101hotels
Пляжный;9.7;7500;10;10;9.8;10;0;107.357;53.197709;559469_101hotels
Светлана;8.5;2000;7.8;8.1;7.9;8.9;0;107.33954;53.18683;559470_101hotels
HELLO BAIKAL;8.5;2100;7.4;9.1;7.2;8.5;0;107.33068;53.19059;559471_101hotels
У Михалыча;8.9;3150;8.7;7.8;8.7;8.7;0;107.33068;53.1906;559472_101hotels
Усадьба Капорова;9.1;2677.5;8.3;8.9;10;10;0;107.31607;53.18289;559473_101hotels
Усадьба Копылова;9;3000;9.3;9.3;9.1;9.1;7.8;107.346889;53.191098;559474_101hotels
Усадьба Никиты Бенчарова;9.1;2000;9.1;10;9.4;9.1;0;107.34057;53.19856;559475_101hotels
Baikal House;9.4;3500;9.1;9.8;8.9;9.3;0;107.34294;53.19346;570577_101hotels
Baikal-Babr;10;4000;10;10;9.8;10;0;107.343;53.19361064;570578_101hotels
Nice houses on Baikal;9.7;3200;9.3;9.1;8.7;9.8;0;107.33781;53.19137;570580_101hotels
Pushkinskiy Guest House;7.2;2160;6.8;8.9;7.2;7.9;0;107.34196;53.19607;570582_101hotels
Лилия;9.3;15000;9.1;9.1;9.1;9.8;0;107.35068;53.18879;570585_101hotels
На улице Байкальская 81;8.5;3400;8.1;7.6;8.1;8.7;0;107.35317;53.19422;570587_101hotels
Ольхонский лес;0;3000;0;0;0;0;0;107.33068;53.1906;570589_101hotels
Big house on Olkhon island;0;30400;0;0;0;0;0;107.33781;53.19137;609190_101hotels
Хужир;7.9;2000;8.1;7.9;7.8;8.9;0;107.35565;53.19535;609191_101hotels
Guest house Nadezhda;8.7;3800;9.1;8.9;8.3;9.3;0;107.3481;53.18963;609193_101hotels
Геннадия Малышкина;7.5;3500;8.3;9.3;7.9;6.8;0;107.34513;53.192911;609194_101hotels
Guesthouse for a rest;9.1;2500;9.3;10;9.4;8.9;0;107.34178;53.19868;609195_101hotels
Home-Olkhon;9.8;5000;10;9.4;10;10;0;107.35909;53.193763;609196_101hotels
LakesideBaikal;9.4;5500;9.3;9.1;8.7;9.6;0;107.4245;53.22877;609197_101hotels
Olkhon Village Kharantsy;0;12000;0;0;0;0;0;107.42972;53.22282;609199_101hotels
Olkhon_chill_apartments;0;6412.5;0;0;0;0;0;107.35063;53.20133;609200_101hotels
Sunrise;9.2;3400;9.6;9.8;9.4;9.8;0;107.33771;53.196709;609201_101hotels
ViPhouse Olkhon;0;8330;0;0;0;0;0;107.34135;53.189954;609202_101hotels
Shamanka;9.4;5750;9.4;9.4;9.3;9.6;9.4;107.352809;53.199708;609203_101hotels
На Байкале о ОЛЬХОН SAHARA;0;0;0;0;0;0;0;107.33068;53.1906;609205_101hotels
Малашкина;6.9;4000;7;8.7;6.6;6.8;0;107.33068;53.1906;609208_101hotels
На Фестивальная 39 А;9.4;3000;10;9.6;9.4;10;0;107.34177;53.1877;609210_101hotels
Удачная 8;9.3;4600;8.5;9.6;9.4;10;0;107.42059;53.22575;609212_101hotels
ЭтноДом Байкал;9.7;0;9.8;9.4;8.5;9.8;0;107.33768;53.19253;609213_101hotels
Lake view Little Chalet;0;0;0;0;0;0;0;107.33509;53.19723;625872_101hotels
На Солнечной, д. 8;9.7;3000;9.6;9.4;9.8;9.6;0;107.34856;53.19514;625877_101hotels
На Фестивальной;0;2137.5;0;0;0;0;0;107.34172;53.18785;625881_101hotels
Ольгина Усадьба;0;1000;0;0;0;0;0;107.34738;53.19098;625882_101hotels
ХОТЭЙ;0;0;0;0;0;0;0;107.360462;53.194583;650984_101hotels
ON OLkhON;9.7;4000;9.6;9.4;9.8;10;9.8;107.18732;53.143993;651574_101hotels
Baikal Terra;9.1;6500;8.9;9.4;9.3;9.1;9.3;107.349521;53.200841;651994_101hotels
Olkhon Inn;9.3;7000;9.6;9.6;9.8;9.3;9.4;107.337879;53.193769;653669_101hotels
Сердце Ольхона;8.7;8000;10;10;10;8.7;10;107.343349;53.198753;661122_101hotels
Guest House on Molodyozhnaya st.;9.1;4500;8.9;9.1;9.3;9.4;9.3;107.356;53.19277463;15193_101hotels
Ермак;8.5;1600;7.9;8.7;8.1;8.3;0;102.16104;54.1034;411666_101hotels
1-комн квартира Люкс;8.5;2500;0;0;0;0;0;102.154555;54.112098;490440_101hotels
На Солнечной 3;0;2100;0;0;0;0;0;102.15558;54.11111;490442_101hotels
Юбилейная;7.7;1500;6.8;7.9;6.8;8.3;0;102.15832;54.10951;490445_101hotels
Кедр;8.2;4200;9.3;9.6;8.5;9.3;10;102.13316;54.10877;490748_101hotels
Саянск;0;700;0;0;0;0;0;102.152408;54.10977;650821_101hotels
Прасковья;8.9;1200;10;10;10;10;10;102.16542;54.110464;651246_101hotels
Аршан;8.9;1850;9.1;9.6;8.9;9.1;8.7;103.72028;51.663591;559429_101hotels
Hotel Kurshavel;8.9;800;8.7;8.7;9.1;9.4;8.7;104.14513;51.505747;511615_101hotels
Космос;9.3;3000;9.3;9.1;9.3;9.1;9.3;104.15183;51.52181;495572_101hotels
Маргобай;9;1250;9.3;9.4;9.4;9.4;9.6;104.136642;51.524412;650957_101hotels
Турбаза Байкал;8.9;3780;10;10;10;10;10;104.038;51.55044393;653555_101hotels
Домашний очаг;8.9;2500;10;10;10;10;10;104.132771;51.523443;664549_101hotels
Delight;8.7;2100;10;10;10;10;0;103.71447;51.650639;658141_101hotels
Соболинка;9.4;2677.5;9.4;9.3;9.4;9.4;9.4;104.12176;51.513931;6479_101hotels
Белый Соболь;9.3;3800;9.3;9.6;9.4;9.4;9.6;104.122;51.5147;3365_101hotels
Гранд Байкал;9.3;3150;9.1;9.6;9.3;9.3;9.1;104.12128;51.509559;7628_101hotels
Прибой;9.1;1300;9.1;8.9;8.7;9.1;7.9;104.13441;51.52550677;7350_101hotels
Жемчужина Байкала;9.6;24500;9.8;8.9;9.8;10;10;103.91852;51.60353;79011_101hotels
BaikalSKI Hostel;9.4;2430;9.4;9.8;9.4;9.4;9.4;104.15032;51.522384;6480_101hotels
Байкальская заимка;6.8;1800;4.4;7.2;5.9;5.9;4.4;103.90449;51.605756;79620_101hotels
Inn Yut+;8.1;1800;8.7;8.7;8.1;8.1;8.1;104.132;51.52155818;10630_101hotels
Рыжая сова;9.9;1900;9.6;9.1;9.8;9.6;0;103.90627;51.60011;625659_101hotels
Вепское Поместье;9.8;4500;9.6;9.6;9.6;9.8;10;104.12;51.51361349;10632_101hotels
MANGUTAISKI;8.9;18000;10;10;10;10;10;103.909225;51.605342;665248_101hotels
Орлиное Гнездо;7.2;600;10;10;10;10;10;104.147;51.5068126;10640_101hotels
Березовый;9.3;1560;9.3;9.3;9.6;9.8;8.7;104.13815;51.524272;14059_101hotels
Байкальское подворье;0;1600;0;0;0;0;0;104.4055;51.48093189;98724_101hotels
Береза;9.8;2200;9.8;9.8;9.8;9.8;0;104.1381;51.52434233;101007_101hotels
Нефрит;9.8;2500;9.8;9.6;9.8;10;9.3;104.13852;51.52319;101009_101hotels
Синяя Крыша;9.1;2400;9.4;9.6;9.4;9.6;10;104.1245;51.51803694;101010_101hotels
Волна;9.1;2100;8.3;9.6;9.3;9.8;8.7;104.1375;51.52383055;101014_101hotels
Виктория;8.7;1500;0;0;0;0;0;104.2217;51.49624032;101021_101hotels
Байкальский Очаг;9.4;1425;9.4;9.4;9.4;9.6;10;103.7036;51.7224513;64700_101hotels
Ски-Лет;8.9;7000;9.8;9.3;9.3;9.4;0;104.14554;51.524028;101031_101hotels
Байкальский Рай;9.4;3500;9.6;9.6;9.6;9.6;9.6;103.7251;51.73192262;64701_101hotels
Байкал;9.6;4000;9.8;9.8;9.8;9.8;8.7;104.1406;51.52418927;101036_101hotels
Твоя стихия;0;1000;0;0;0;0;0;103.27285;51.757583;79759_101hotels
Хамар Дабан;8.7;3000;8.5;8.9;8.3;9.3;0;104.10965;51.518924;378609_101hotels
На Мира;7.6;3500;8.7;8.7;8.7;8.7;8.7;103.70938;51.725229;495208_101hotels
Домино;0;2900;0;0;0;0;0;104.2226;51.4958095;422598_101hotels
Тракстоп 38;7.6;600;0;8.7;8.7;8.7;8.7;103.68813;51.713296;495209_101hotels
Ice;9.3;550;9.6;9.8;9.4;9.4;10;104.13586;51.51961566;422599_101hotels
У Ручья;9.8;3000;9.8;9.8;10;10;10;103.727289;51.730796;655338_101hotels
Созвездие Байкала;7.2;3000;8.1;8.5;7.8;8.1;9.3;104.132555;51.525309;495566_101hotels
Култук;0;10000;0;0;0;0;0;103.696845;51.724024;659445_101hotels
Находка;9.3;4750;9.6;9.3;9.1;9.8;8.7;104.15394;51.51523;495567_101hotels
Цифровые Кочевники;0;0;0;0;0;0;0;103.696845;51.724024;663649_101hotels
на Комсомольской 13-2;8.2;5120;8.7;10;8.7;8.7;10;104.13873;51.52528;495568_101hotels
Царская Усадьба;8.2;20000;8.7;10;8.7;8.7;10;104.1324;51.51195;495569_101hotels
В Байкальске;8.3;4230;8.7;10;8.7;8.7;10;104.15399;51.51523;495570_101hotels
на Берёзовом;8.9;3000;10;10;10;10;10;104.13853;51.52432;495571_101hotels
Русь;9;14100;8.5;9.3;9.1;8.3;10;104.121676;51.513831;495573_101hotels
Мельница;8.7;3500;8.7;9.1;8.1;8.9;9.3;104.122835;51.515064;495574_101hotels
Теремок;8.2;6000;8.7;10;8.7;8.7;10;104.12315;51.51391;495575_101hotels
Уютный двор;8.1;3000;7.4;7.9;8.3;7.8;0;104.136;51.51573363;511616_101hotels
Байкал;8.9;3300;10;10;10;10;10;104.138026;51.524945;514493_101hotels
Flat For Rent;9.4;1000;8.9;9.3;9.1;8.9;0;104.13831;51.51968;559406_101hotels
Северные склоны;8.5;2500;9.3;9.1;9.3;9.3;0;104.14017;51.52122;559407_101hotels
Guest House on Naberezhnaya st;0;17250;0;0;0;0;0;104.1401;51.52551;625273_101hotels
В Байкальске;9.8;2800;9.8;9.1;9.3;9.3;0;104.13995;51.52513;625280_101hotels
Комсомольская 12а;9.3;6100;9.8;9.6;9.4;9.1;0;104.13838;51.5253;625287_101hotels
На Гагарина;7.5;3000;7.4;8.1;7.2;7.4;0;104.14826;51.51687;625295_101hotels
Ski-let;0;12000;0;0;0;0;0;104.145365;51.523852;654994_101hotels
Пятница;8;3000;10;10;10;10;10;104.051;51.52840701;10642_101hotels
Вершина в Кедровом переулке;9.1;6400;9.3;9.3;9.3;8.3;0;104.05054;51.53475;14678_101hotels
Байкал Йети;9.8;2700;9.8;9.8;9.8;9.8;10;104.04765;51.538103;14680_101hotels
Надежда;9.6;2300;9.6;9.6;9.6;9.8;10;104.05731;51.54666;14682_101hotels
Федоров Двор;10;2100;9.4;9.8;9.8;10;0;104.056;51.53821281;14684_101hotels
рядом с Байкалом;8.2;15000;9.6;9.8;9.8;10;0;104.0616;51.5469422;101043_101hotels
озера Байкал;9.6;2300;9.8;10;9.8;10;10;104.06028;51.55243;101044_101hotels
Олимпийская Высота;9.5;4100;8.9;7.6;9.3;9.3;0;104.06034;51.54774;101045_101hotels
Таежное лукошко;9.4;6000;9.3;9.6;9.4;9.6;0;104.05786;51.538817;489748_101hotels
Утулицкая сказка;8.5;2000;10;10;9.3;10;9.3;104.04826;51.53926;489749_101hotels
Отдохни на Байкале;0;3000;0;0;0;0;0;104.06337;51.53938;489750_101hotels
BaikКалина;9.5;6912;9.8;9.3;9.8;10;0;104.05967;51.55108;489751_101hotels
Oduvanchikovo;9.2;1500;8.9;8.1;8.1;9.4;0;104.05975;51.53793;559439_101hotels
Байкал 38;0;1350;0;0;0;0;0;104.05975;51.53793;559443_101hotels
Дом возле озера Байкал;9.3;5500;9.6;9.1;9.3;10;0;104.06018;51.55243;559445_101hotels
Кедр;7.7;2268;8.7;7.9;8.1;8.9;0;104.05975;51.53793;559450_101hotels
Альпийский домик;0;0;0;0;0;0;0;104.05684;51.53835;625848_101hotels
Байкал Дом у реки;9.5;1600;9.4;9.8;10;10;0;104.05096;51.54861;625851_101hotels
Кругобайкальская;8.2;2200;10;10;10;10;10;104.79833;51.87696;13800_101hotels
Дом;9.3;2500;9.6;9.8;9.1;9.3;0;104.05975;51.53793;625854_101hotels
Кругобайкальский;8.5;12000;10;9.6;9.6;9.4;9.3;104.79;51.87462659;13801_101hotels
Порт Байкал;0;6000;0;0;0;0;0;104.809067;51.874894;659458_101hotels
Delight;9.8;1980;10;9.6;10;10;10;103.71455;51.65045;15019_101hotels
Юрта;9.6;1200;9.6;8.9;9.4;9.8;9.1;103.81125;51.61982;15022_101hotels
Анди;7.6;1200;0;0;0;0;0;103.677;51.66537984;15023_101hotels
Прибрежный;9.6;2200;8.7;9.3;9.4;9.8;10;103.758;51.64598676;15024_101hotels
Юпитер;8.9;2500;9.3;8.1;9.1;9.1;7.2;103.69589;51.663946;101393_101hotels
Жемчужина Сибири;0;3240;0;0;0;0;0;103.70678;51.64562;559440_101hotels
Тихая Гавань;6.8;2000;7;7.8;6.8;7.6;0;103.72987;51.65654;559442_101hotels
Слюдяная 6а;7;500;7.2;7;7.2;7.2;0;103.70173;51.64094;625733_101hotels
Комфортная 1 комнатная квартира на Байкале;7.8;1600;7.2;6.6;7.9;8.9;8.7;103.68329;51.67798;625735_101hotels
Уютная 2-х комнатная квартира на Байкале;8.9;2210;8.9;8.5;8.9;9.4;8.7;103.68308;51.67104;625759_101hotels
На Байкале Уютная Лиса;7.8;1440;9.4;9.6;8.3;8.9;0;103.69209;51.66856;642617_101hotels
Ангара-Приоритет;7.2;2900;9.1;9.6;9.6;9.1;9.3;103.83218;52.506117;8209_101hotels
ПушкинЪ;9.6;7500;10;9.8;9.8;9.8;9.8;103.89481;52.545505;9509_101hotels
Олимпиада;9.5;600;9.8;9.4;9.6;10;9.6;103.877766;52.530807;659250_101hotels
Меридиан;9.3;3000;9.4;9.3;9.4;9.6;9.4;103.8788;52.551906;7132_101hotels
Старый Замок;8.8;2100;9.3;9.1;8.7;8.7;9.6;103.83707;52.50732;8205_101hotels
Китой;8.2;3420;8.7;9.3;9.3;9.3;9.3;103.62127;52.445662;8208_101hotels
Малый отель;9.6;2500;9.8;9.6;9.8;9.8;9.8;103.86909;52.518237;2136_101hotels
Авто-Стоп;6.8;1500;8.7;8.5;8.7;9.3;8.3;103.81956;52.490875;2135_101hotels
Ангарская горка;7;4800;10;10;10;10;10;103.7315;52.43574;9400_101hotels
Как дома;7.2;600;8.1;8.9;9.3;9.3;8.7;103.85249;52.512922;14061_101hotels
Звездный;9.3;1950;9.8;9.4;9.6;9.8;9.3;103.741;52.44131245;14077_101hotels
LOFT на Горького;8.7;1500;10;10;10;10;8.7;103.901;52.5438639;485068_101hotels
Фортуна;9.4;3200;9.8;8.9;9.6;9.8;8.7;103.89923;52.52807;485067_101hotels
Angara-Prioritet Hotel;9.3;2300;8.7;9.6;8.9;9.1;0;103.83218;52.50612;559997_101hotels
на Восточной;0;0;0;0;0;0;0;103.889669;52.556038;651648_101hotels
Арбат;8.9;3390;10;10;10;10;0;103.840495;52.505911;658332_101hotels
Лукоморье;0;2890;0;0;0;0;0;103.63127;52.32881;642555_101hotels
Арго;8.1;2000;8.5;8.7;8.1;7.8;7.9;104.859606;51.857648;650200_101hotels
Элис;9.3;4500;9.6;8.5;9.4;9.6;8.7;104.874797;51.856007;625719_101hotels
Мечта Байкала;9.1;4800;8.7;9.6;9.3;9.3;8.9;104.87;51.84515796;9234_101hotels
Гавань Байкала;8.6;3300;8.9;8.7;9.3;8.9;8.7;104.88;51.85047112;660481_101hotels
Лоцман;9.3;4500;8.9;9.3;9.4;8.5;9.4;104.87817;51.84714;10557_101hotels
Подлеморье;8.9;3500;9.1;9.3;8.7;8.9;9.6;104.86205;51.85478;514670_101hotels
Малиновка Inn;9.1;2500;8.9;9.1;9.4;9.4;9.3;104.843;51.86504447;652511_101hotels
Гавань Листвянка;8.8;3500;8.7;8.7;9.1;9.1;8.7;104.881984;51.850311;659075_101hotels
Маяк;9.1;3800;9.1;9.8;9.1;9.3;9.6;104.873099;51.847351;4324_101hotels
СИБИРСКИЙ;9.3;1000;9.4;9.6;9.6;9.6;9.6;104.393;52.24673836;651714_101hotels
Флагман Листвянка;9.1;4000;9.1;8.9;8.9;8.9;9.1;104.829459;51.896418;10564_101hotels
Даурия;9.4;4500;9.3;9.3;9.4;9.4;9.8;104.8632;51.85970043;10553_101hotels
Ундина;9;7200;9.4;9.6;9.1;9.6;8.7;104.86028;51.856647;610848_101hotels
Байкальские матрешки;8.2;4000;8.7;9.6;9.6;10;10;104.8647;51.858639;658131_101hotels
Прибайкальская;8.2;2200;9.4;8.7;9.1;9.3;8.7;104.818;51.90408784;2270_101hotels
Байкальские Сезоны;9.1;11610;9.4;9.6;9.3;9.4;10;104.80556;51.90666;33872_101hotels
Cозвездие Байкала;9.4;6000;9.4;8.9;9.4;9.4;9.4;104.8873;51.84408521;15486_101hotels
Байкальская Тайга;9.6;5200;9.8;9.4;9.8;10;10;104.877;51.860919;422965_101hotels
Baikal Holiday;8.7;6000;10;10;10;10;10;105.408657;52.045967;665625_101hotels
Избушка;7.2;714;8.7;8.7;8.7;8.7;8.7;104.3212;52.466551;17152_101hotels
Анастасия;9.3;4900;9.8;9.8;9.8;9.8;10;104.82547;51.89186;219_101hotels
Легенда Байкала;8.7;3500;8.7;9.3;8.7;9.1;8.9;104.82855;51.872861;9142_101hotels
Станица;9.3;3400;8.9;8.9;9.1;9.3;7.9;105.41;52.03910857;11152_101hotels
Мини отель;7.6;200;8.7;8.7;8.7;8.7;8.7;104.3835;52.449054;378615_101hotels
и сауна на Байкале;9.1;15000;9.3;9.3;8.9;8.9;8.7;104.8219;51.89328;71398_101hotels
Дом Творчества Байкал;8.2;3200;9.6;9.1;9.6;9.6;9.1;104.83229;51.888094;10532_101hotels
Байкальская подкова;8;0;8.7;9.1;9.1;9.1;8.7;105.412;52.03910329;11155_101hotels
Aleksandrovskyy Dvor Guest House;0;8100;0;0;0;0;0;104.19433;52.40257;642404_101hotels
Ангарские Хутора;9.5;2500;9.1;8.7;9.4;9.6;0;104.7874;51.92705;80101_101hotels
Ёлочка;8.9;2500;8.5;9.4;9.4;9.3;8.7;104.870539;51.851351;10535_101hotels
Анна;9.2;5000;8.9;9.3;8.9;9.1;0;105.407;52.03544331;11159_101hotels
Никола;9.1;5100;9.3;8.9;9.3;9.4;9.1;104.82523;51.89227684;411742_101hotels
Альпийский;9.3;22000;10;9.1;9.8;10;0;104.88797;51.85493;10536_101hotels
Домашняя;6.7;4200;8.7;9.4;7.2;7.8;0;105.40158;52.02728;11165_101hotels
Байкальский дворик;0;0;0;0;0;0;0;104.82711;51.89244;559419_101hotels
Байкал 1;8.9;5200;9.4;8.9;8.5;7.6;0;104.86006;51.85697;10541_101hotels
Фактория;9.1;1500;8.9;8.7;9.1;9.3;9.4;105.435;52.04367348;11167_101hotels
Звезда;8.4;4500;9.3;9.6;9.1;10;0;104.61344;52.04998;610260_101hotels
Байкальские просторы;8.7;2200;8.1;8.7;8.3;8.5;8.3;104.8741;51.85498;10543_101hotels
Байкал;8.2;1800;8.7;7.9;9.3;9.3;8.7;105.405625;52.043877;11168_101hotels
Листвяночка;0;4400;0;0;0;0;0;104.83036;51.88648;610282_101hotels
Байкальский Покой;8.8;0;8.7;9.4;8.7;7.9;0;104.83327;51.86838;10547_101hotels
Жемчужина Байкала;8.9;5000;10;10;10;10;10;105.315345;51.987436;11169_101hotels
Долма;0;0;0;0;0;0;0;104.81;51.90145941;663648_101hotels
Берег Байкала;9.3;1870;8.9;9.4;8.7;9.1;7.2;104.86214;51.85553;10548_101hotels
Русское Подворье;9.3;1600;8.7;8.5;9.1;9.3;8.7;105.40833;52.04336;11170_101hotels
Бодрый Медведь;9.3;9000;8.5;9.4;9.4;9.4;9.6;104.8794;51.848021;10550_101hotels
Байкал;8.7;6000;9.6;7.8;9.1;9.1;0;105.4053375;52.0426199;105594_101hotels
Бриз;9.4;3000;8.5;9.4;8.5;8.5;10;104.882958;51.851392;10551_101hotels
Большое Голоустное;8.7;2200;8.7;8.9;8.7;8.9;8.7;105.4052;52.02854143;105607_101hotels
Эдем;7.8;6500;0;0;0;0;0;104.873;51.85503653;10552_101hotels
У Михалыча;9.4;1500;9.4;9.8;9.4;9.4;10;105.39699;52.027152;462238_101hotels
Девятый Вал;7.8;1450;8.7;9.1;7.8;8.7;7.8;104.871791;51.852234;10554_101hotels
У Зои;7.6;0;8.7;8.7;8.7;8.7;8.7;105.40534;52.04262;485505_101hotels
Байкальская история;8.9;50000;0;0;0;0;0;104.866;51.86391545;10555_101hotels
Талисман;8.9;2700;8.7;9.8;9.3;8.5;7.2;105.40845;52.042211;512313_101hotels
Крестовая Падь;9.3;6500;9.1;9.4;9.3;9.1;9.6;104.859;51.85792878;10556_101hotels
Иден-Гол Байкал;9.1;8000;8.7;9.8;8.5;9.1;0;105.40521;52.02669;559405_101hotels
Малина;8.5;6000;10;10;10;10;10;104.845;51.86429931;10559_101hotels
Baikal_ice_house;0;6300;0;0;0;0;0;105.40525;52.04589;610218_101hotels
Мандарин;7.6;3000;8.7;10;10;10;10;104.874;51.85628573;10560_101hotels
Heart of Baikal;9.6;2950;9.1;8.9;9.1;9.1;0;105.41255;52.04203;610230_101hotels
Прибой;9.3;5500;9.3;9.8;9.3;9.4;9.8;104.87509;51.84567;10562_101hotels
Дом на Байкале;0;0;0;0;0;0;0;105.40572;52.0281;610257_101hotels
Русский Дом;9.6;4800;9.6;9.8;9.6;9.6;10;104.87715;51.84499;10563_101hotels
Наран;8.2;3657.5;8.9;9.1;9.4;9.3;0;105.41038;52.04016;610262_101hotels
У озера;9.6;6000;9.3;9.8;8.7;8.7;10;104.84486;51.86433;10565_101hotels
Наран;9.6;1620;9.6;9.3;9.3;9.3;0;105.41118;52.04095;610283_101hotels
Демидова;9.3;3400;9.8;9.8;9.6;9.8;10;104.86247;51.85531;10566_101hotels
Подкова;0;7650;0;0;0;0;0;105.40571;52.02841;610303_101hotels
Листвянка;8.3;2700;10;10;9.3;9.3;10;104.88226;51.85078;10567_101hotels
У Михалыча;8;1000;8.9;9.1;8.7;8.5;8.7;105.40739;52.0501;610309_101hotels
Белка;9.3;800;9.4;8.9;9.4;9.4;9.3;104.87673;51.859815;14083_101hotels
Купеческий;9.3;3000;9.6;9.1;9.4;9.8;9.6;105.413642;52.045518;653072_101hotels
Натали;9.4;2900;9.6;9.4;9.6;9.6;0;104.87746;51.86092;14084_101hotels
Никола;8.2;2000;0;10;0;8.7;10;104.82905;51.896807;14085_101hotels
Островского 11;9.3;4800;9.6;9.1;9.6;9.6;8.7;104.86481;51.855772;15488_101hotels
Байкал Хан Листвянка;9.4;6204.25;9.4;9.6;9.4;9.4;10;104.878426;51.846183;15490_101hotels
Обитаемый Остров;8.2;1200;9.3;8.9;9.3;8.9;9.1;104.86;51.85929815;15493_101hotels
Никола;8.6;8000;7.8;7.6;7.6;5.7;5.9;104.83;51.89630119;15688_101hotels
Домики туриста;9.8;0;9.8;8.7;9.8;9.8;0;104.86455;51.8619;15691_101hotels
BAIKAL CEDAR;9.4;4500;9.6;9.6;9.6;9.3;9.3;104.87759;51.84501;189355_101hotels
Тайга;9.4;3600;9.8;8.9;9.6;9.8;9.3;104.86787;51.86659;339635_101hotels
Арабеска;8.9;2000;9.1;9.1;9.3;9.1;9.6;104.84182;51.8764;397897_101hotels
На ул. Горького;8.2;1600;8.9;9.6;8.7;8.9;9.6;104.8579;51.857138;397898_101hotels
Артский;8.1;2200;8.1;9.4;7.6;8.1;10;104.85914;51.85746;412619_101hotels
Теплый стан на Куликова;9.2;0;9.6;9.3;9.6;9.3;8.7;104.86392;51.86072;422597_101hotels
Елисей;8;3200;8.3;7.8;7.9;7.9;8.7;104.80122;51.9300468;422963_101hotels
Восторг;8.4;0;8.9;9.6;9.3;9.1;7.2;104.82;51.88614534;422964_101hotels
Семейный дом;9.3;4000;9.6;9.4;9.6;9.6;10;104.8824225;51.8498348;422968_101hotels
Дом на Байкале;7.6;0;0;0;0;0;0;104.8645473;51.861898;422969_101hotels
Синильга;9;3300;8.9;8.9;8.7;10;0;104.8658;51.85649;487009_101hotels
Байкал;8.9;700;9.3;8.5;9.1;8.7;8.7;104.86486;51.85948;490113_101hotels
Чайка Джонатан;0;4500;0;0;0;0;0;104.88712;51.84475;490118_101hotels
Альяна;8.1;3000;9.3;8.1;7.9;9.4;0;104.83014;51.86971;490119_101hotels
Долина Мечтателей Glamping и Снежный Отель;9.8;8500;9.8;9.6;9.6;9.8;10;104.869919;51.871947;514183_101hotels
Лаус;9.1;4200;9.6;8.9;9.4;9.1;9.3;104.83185;51.87613;514184_101hotels
Маячок;9.6;4200;9.6;9.8;9.6;9.6;10;104.873054;51.847724;514185_101hotels
26, Baikal Hill Residence;9.3;9025;10;8.9;10;9.4;0;104.86261;51.86098;514661_101hotels
16, Baikal Hill;8.5;7900;9.3;7.6;9.1;9.6;0;104.86198;51.86027;514662_101hotels
Baikal Hill;9.8;9300;9.6;10;10;9.6;0;104.861987;51.860424;514663_101hotels
У Ольги на Байкале;9.4;3200;9.4;9.4;9.4;9.6;10;104.8632;51.85633;514666_101hotels
На Академической;8.8;0;9.3;8.1;8.9;9.4;0;104.83335;51.86922;514667_101hotels
На Ангарской;8.9;7000;0;0;0;0;0;104.4114;52.22661689;78946_101hotels
На Байкале;9.4;10800;9.8;9.8;9.8;9.8;10;104.86181;51.85995;514668_101hotels
PILOT;0;2500;0;0;0;0;0;104.1276164;52.2560177;79455_101hotels
Отдых по-домашнему;9;4165;9.8;9.4;9.3;9.3;0;104.83913;51.86942;514671_101hotels
Алания;7.4;2500;7.2;6.8;6.8;7.6;0;104.84141;51.86537;559426_101hotels
Байкал;8.9;19099;0;0;0;0;0;104.3801;52.162013;80278_101hotels
Аренда жилья Baikal Sky;8.3;2000;8.7;9.3;7.9;8.9;0;104.8807;51.84252;559431_101hotels
КомфортХауз;9.3;2550;9.4;9.4;8.7;9.1;10;104.88016;51.848001;559441_101hotels
Недорогое жилье;7.4;2500;6.8;7.8;7.6;7.8;0;104.86284;51.85969;559448_101hotels
Парус;7.7;3300;7.8;9.1;7.6;7.8;8.7;104.87503;51.84615;559453_101hotels
Усадьба Еремеевых;9.6;4200;9.3;9.6;9.8;9.6;0;104.86522;51.862173;559457_101hotels
Байкал;8.7;2000;9.1;9.4;8.9;9.4;0;104.87368;51.85489;625700_101hotels
Коттедж;9.8;10500;10;9.8;9.6;9.6;0;104.865661;51.856219;625712_101hotels
Forest trail;0;2160;0;0;0;0;0;104.88895;51.85529;625727_101hotels
На Островского 37/1;9.5;5000;9.8;9.4;10;10;0;104.86729;51.85924;625783_101hotels
Байкал;0;2250;0;0;0;0;0;104.85936;51.85717;625786_101hotels
Дом на Байкале;9.1;2750;8.7;7;8.9;10;0;104.87638;51.85921;625790_101hotels
Дом у леса;8;0;9.1;9.4;8.7;9.4;0;104.8734;51.85558;625794_101hotels
СССР;0;4000;0;0;0;0;0;104.8774;51.84534;625807_101hotels
Байкал-Интурист;9.8;5500;10;8.9;9.6;9.6;0;104.83985;51.86979;642746_101hotels
Шале Листвянка;9.3;2900;9.6;9.4;9.8;9.8;9.6;104.882496;51.850623;652826_101hotels
Аквамарин;0;15000;0;0;0;0;0;104.878777;51.86251;653591_101hotels
Смайл Хоум;0;18000;0;0;0;0;0;104.865446;51.856747;656152_101hotels
Любава;7.2;4000;8.7;8.7;8.7;8.7;7.2;104.8296;51.88509184;661566_101hotels
Лесная 7;8.9;1400;8.5;9.1;8.5;8.7;8.7;105.07115;51.90475312;64584_101hotels
Уютный Чешир;9.1;2400;9.3;9.3;7.9;9.1;10;105.07512;51.90711772;64585_101hotels
Дом для семейного отдыха;7.8;9000;0;10;8.7;8.7;8.7;104.83278;51.87779;625249_101hotels
Байкал 21;9.4;5000;8.7;9.3;9.3;9.3;9.6;104.50942;52.18713;2157_101hotels
Бурдугуз;9.3;13900;9.3;9.3;9.1;8.9;9.4;104.602221;52.057049;3490_101hotels
Картакой;8.9;2000;10;10;10;10;10;104.42331;52.126418;485315_101hotels
Рыцарский Двор;8;4000;8.3;9.1;8.5;8.5;10;104.44698;52.24022;13150_101hotels
Электра;9.3;5700;9.1;9.6;9.1;9.3;8.9;104.6332;52.030362;14064_101hotels
В Миловидах;0;1000;0;0;0;0;0;104.42327;52.27631;629934_101hotels
Светлый;0;0;0;0;0;0;0;104.361949;52.260537;663655_101hotels
Байкальский край;5.6;6000;9.8;8.5;9.8;10;10;104.87728;51.86039;514669_101hotels
Лесная;7.4;6900;10;10;10;10;10;102.75691;57.962435;9390_101hotels
Русь;8.4;2600;8.9;8.7;8.7;9.3;8.7;102.719;57.96043974;9393_101hotels
Усть-Илим;8.3;2200;8.5;8.7;8.3;8.5;8.7;102.74825;57.95591;9394_101hotels
На Дружбы народов;7;2500;8.7;7.9;7.8;8.7;0;102.742071;57.946435;489758_101hotels
FORTUNA;9;4800;9.4;8.7;9.1;9.1;0;102.739672;57.943727;632305_101hotels
Флагман;8.5;4000;;10;8;8;;105.74673;56.77922;9081483_ostrovok
Квартира Кирова 36/2;9.3;3547;;9;10;9;;105.734215;56.7788;11178077_ostrovok
Квартира Коммунистическая 5;;3121;;;;;;105.78916;56.7896;11178084_ostrovok
Квартира Пушкина 111;;2401;;;;;;105.80771;56.80646;11178081_ostrovok
Квартира Key Apartments1;;4256;;;;;;105.77968;56.793224;11178076_ostrovok
Квартира Кирова 36;;3285;;;;;;105.73504;56.77902;11178079_ostrovok
Квартира Кирова 36/2;;3121;;;;;;105.734215;56.7788;11178075_ostrovok
Квартира Кирова 36/2;;3121;;;;;;105.734215;56.7788;11178083_ostrovok
Квартира Кирова 32;;3547;;;;;;105.73594;56.77849;11178082_ostrovok
Квартира Речников 5;;3121;;;;;;105.77773;56.794205;11178074_ostrovok
Квартира в Шелехове 13;9.4;1892;;9;10;9;;104.053345;52.205177;10477118_ostrovok
Квартира в Шелехове 11;;1613;;;;;;104.06625;52.21057;10272519_ostrovok
Квартира в Шелехове;8.8;2400;;6;9.5;9.5;;104.052864;52.205425;10152880_ostrovok
Апартаменты В Шелехове 2;;1991;;;;;;104.05464;52.208946;10199216_ostrovok
Квартира в Шелехове 10;9.8;1862;;10;10;9;;104.103645;52.21495;10830013_ostrovok
Квартира в Шелехове 4;;2190;;;;;;104.09471;52.2121;10159544_ostrovok
Квартира в Шелехове 10;;1613;;;;;;104.09776;52.2143;10272510_ostrovok
Апартаменты В Шелехове;;1702;;;;;;104.09843;52.214397;11195582_ostrovok
Квартира в Шелехове 6;3.8;2190;;7;1;1;;104.092995;52.2133;10199094_ostrovok
Апартаменты в Шелехове 8;4;1439;;1;2;1;;104.098785;52.21447;10272511_ostrovok
Квартира в Шелехове 12;;1693;;;;;;104.05915;52.209404;10272508_ostrovok
Апартаменты в Шелехове 14;;1702;;;;;;104.097786;52.21432;11159047_ostrovok
Квартира в Шелехове 5;;1593;;;;;;104.059654;52.211945;10218483_ostrovok
Зима на улице Садовая 1;9.6;2191;;10;10;9;;102.056015;53.926937;10490004_ostrovok
Зима на улице Куйбышева 83;;2062;;;;;;102.06449;53.928448;10490006_ostrovok
Зима на улице Красный Строитель;;2051;;;;;;102.06137;53.9273;10490007_ostrovok
Зима на улице Куйбышева 94;;1933;;;;;;102.0667;53.92714;10490008_ostrovok
Зима на улице Орджоникидзе;;2123;;;;;;102.06617;53.925842;10490003_ostrovok
Зима на улице Лазо;9.6;2373;;10;10;10;;102.049385;53.931217;10490005_ostrovok
Ангара Отель;8.555263158;3750;;9.666666667;8.675438596;8.587719298;8.197368421;104.28244;52.287533;7806182_ostrovok
Отель Тайга;9.320689655;5200;;9.206896552;9.551724138;9.5;9.240740741;104.26984;52.288013;9767827_ostrovok
Отель History Boutique Hotel & SPA;9.14;14850;;8.9;8.75;9.55;9.625;104.29095;52.27124;9741097_ostrovok
Irkutsk City Center;8.9;6400;;9.3;9.24;9.38;9.2;104.27297;52.28786;7831938_ostrovok
Гостиница Виктория;9.187301587;4800;;9.547826087;9.330434783;9.191304348;9.245098039;104.28748;52.283413;8457230_ostrovok
Отель Иркут;9.102247191;2788;;9.397727273;9.193181818;9.079545455;9.75;104.28529;52.288887;8348721_ostrovok
Отель Baikal Forest;8.301333333;6500;;8.786666667;8.12;8.933333333;7.558139535;104.30523;52.275658;9825031_ostrovok
Отель Фрегат;9.071621622;1290;;8.333333333;8.907407407;9.277777778;6.909090909;104.32735;52.25347;8010878_ostrovok
Гостевой Дом Хейвица;9.55862069;3500;;9.724137931;9.586206897;9.793103448;8.166666667;104.297844;52.285812;11169967_ostrovok
Отель Очагоф;8.32244898;4300;;7.525;8.475;8.2;8.961538462;104.29798;52.26298;8685974_ostrovok
Отель Armat;9.075;5000;;9;9.25;9.53125;7.807692308;104.34678;52.256546;8755884_ostrovok
Отель Централь;9.506349206;5250;;9.73015873;9.587301587;9.650793651;9.542372881;104.285164;52.286655;8748836_ostrovok
Отель Marx Hotel;8.288888889;4475;;9.388888889;8.611111111;8.333333333;7.733333333;104.28479;52.282627;8662194_ostrovok
Мини- отель Аврора;8.247297297;2116;;8.685714286;8.314285714;8.485714286;6.916666667;104.294655;52.28808;6583830_ostrovok
Отель Иркутск;7.851428571;4400;;9.095238095;7.714285714;8.142857143;7.384615385;104.273735;52.282124;7819551_ostrovok
Мини-отель Гостиный дворик;9.178431373;2700;;8.254901961;9.470588235;9.509803922;8.833333333;104.26262;52.265556;10040395_ostrovok
Отель North Star;9.06;5500;;9.84;8.72;9.2;9.083333333;104.28755;52.275555;10670964_ostrovok
Гостиничный Комплекс Русь;8.610344828;3600;;8.973684211;8.5;8.605263158;7.84375;104.27928;52.284325;7774831_ostrovok
Хостел Rolling Stones;8.781651376;620;;9.513761468;8.743119266;8.440366972;8.357142857;104.28601;52.283623;8745570_ostrovok
Отель Аристократ;8.963333333;1700;;9.4;9.033333333;9.233333333;8.48;104.281876;52.281384;8745188_ostrovok
Отель Baikal Archi Apt;9.667741935;4268;;9.774193548;9.758064516;9.806451613;9.4;104.28382;52.288887;10211904_ostrovok
Апартаменты в центре Иркутска;9.832692308;4082;;9.826923077;9.826923077;9.923076923;9.833333333;104.27709;52.28573;9995434_ostrovok
Апарт-отель Rooms Apartments;9.25;2900;;9.450980392;9.078431373;9.284313725;9.272727273;104.293526;52.288895;9992652_ostrovok
Квартира Irkroom;9.636538462;3780;;9.75;9.5;9.692307692;10;104.282814;52.28979;10151543_ostrovok
Мини-отель 130Hotel;8.702857143;3500;;8.942857143;8.942857143;9.085714286;8.105263158;104.29015;52.276436;9209242_ostrovok
Отель Доходный дом Листратовой;8.6359375;3553;;8.890625;8.9375;8.984375;8.34;104.29269;52.277744;9024017_ostrovok
Апартаменты Матисс;9.571428571;3346;;9.214285714;9.785714286;9.357142857;9.25;104.32396;52.281776;10160028_ostrovok
Апартаменты ApartLuxIrkutsk Центр;9.206;2300;;9.34;9.28;8.76;9;104.29746;52.289284;10010642_ostrovok
Мини-отель Альбатрос;7.788461538;2376;;8.115384615;8.269230769;7.576923077;7.444444444;104.3539;52.261826;6481029_ostrovok
Квартиры YES! ROSE Studio in Center;9.488888889;3980;;9.388888889;9.222222222;9.555555556;8;104.271126;52.28859;10014157_ostrovok
Квартира в ЖК Семья бизнес-класса на Пискунова 138-66 КакДома;9.9;2280;;10;9.833333333;10;10;104.33486;52.272205;10457669_ostrovok
Гостевой дом в Иркутске;9.306060606;1425;;8.939393939;9.545454545;9.363636364;8.666666667;104.30125;52.263927;9993445_ostrovok
Апартаменты Cozy Stay;9.9;3135;;9.631578947;9.947368421;9.947368421;10;104.30319;52.26974;9999087_ostrovok
Апартаменты Lovely Bali Studio;8.788888889;3122;;8.555555556;8.777777778;8.666666667;5.5;104.33152;52.284557;10199197_ostrovok
Мини-Отель Добрый Кот;9.272916667;697;;9.083333333;9.333333333;9.30952381;8.8;104.25219;52.283913;7776570_ostrovok
Апартаменты Стрижи на Култукской;9.84;3061;;9.533333333;9.866666667;10;9.6;104.32468;52.2835;10210998_ostrovok
Квартира в ЖК Семья бизнес-класса на Пискунова 138-131 КакДома;9.8125;2270;;9.4375;9.6875;10;10;104.33486;52.272205;10457627_ostrovok
Отель География;9.273913043;6938;;9.753623188;9.275362319;9.333333333;9.269230769;104.28891;52.2741;9990241_ostrovok
Апартаменты Советская;9.475510204;1880;;9.591836735;9.571428571;9.571428571;8.625;104.315994;52.27818;9992242_ostrovok
Апартаменты HOROMY с дизайнерским ремонтом и потрясающим видом;9.25;3961;;9;10;10;;104.30125;52.26114;11193100_ostrovok
Бутик-отель Marussia;8.507142857;5800;;9.666666667;8.333333333;8.222222222;9;104.28856;52.27511;8059343_ostrovok
Отель Business Hall;8.343333333;3200;;8.966666667;8.433333333;8.133333333;8.095238095;104.27683;52.282608;8735100_ostrovok
Квартира на Аэропорте;9.472727273;2365;;9.318181818;9.5;9.636363636;;104.338036;52.269367;10515689_ostrovok
Апартаменты  Home Hotel Панорама;10;2592;;10;10;10;;104.34172;52.266663;10017288_ostrovok
Апартаменты Baikal Atmosphere;9.95;3160;;9.75;10;10;10;104.34383;52.26534;10212807_ostrovok
Апартаменты Home Hotel Шоколад;9.3;2646;;9.1875;9.1875;9.1875;10;104.336876;52.27141;10002901_ostrovok
Отель Байкал Бизнес Центр;8.462162162;6000;;8.235294118;9.058823529;8.882352941;8.545454545;104.35341;52.257786;7827545_ostrovok
Апарт-отель Березка;7.780769231;3684;;9.489361702;8.14893617;7.914893617;6.875;104.28882;52.27466;11152704_ostrovok
Отель Matreshka;8.348275862;3350;;8.340206186;8.484536082;8.505154639;8.411764706;104.30065;52.282005;6332937_ostrovok
Отель Европа;8.893589744;5300;;9.166666667;8.961538462;9.179487179;8.710526316;104.304855;52.274567;7828771_ostrovok
Гостевой дом Байкал;7.763636364;3137;;9.666666667;9;8.666666667;;104.286156;52.27905;10151922_ostrovok
Квартира на 4-Железнодорожной;8.12;1797;;8.6;7.4;7.8;;104.24792;52.2792;10845029_ostrovok
Меблированные Комнаты Хоумстей Как Дома;9.469230769;1792;;9.538461538;9.384615385;9.461538462;10;104.2875;52.281357;10371940_ostrovok
Апартаменты Туман;9.9125;3422;;9.5;9.875;10;10;104.324;52.281693;10845189_ostrovok
Kvartal - Studio;9.471428571;4780;;9.142857143;9.428571429;9.428571429;10;104.296555;52.27193;10092470_ostrovok
Квартира в ЖК Семья бизнес-класса на Пискунова 136-47;9;2280;;8.5;8;10;;104.33434;52.27228;10457572_ostrovok
Отель Рояль;7.694444444;3485;;8.909090909;8.181818182;8.727272727;7;104.29745;52.28928;6362904_ostrovok
Апартаменты Центр Иркутска район Центрального парка;9.9;4581;;10;10;10;10;104.298515;52.271774;11026678_ostrovok
Отель Арена Иркутск;6.825;1948;;8.5;9;8.166666667;;104.28703;52.288063;8491921_ostrovok
Гостиница 7 дорог;9.365;3885;;8.838709677;9.387096774;9.548387097;8.761904762;104.335236;52.274845;7029576_ostrovok
Апартаменты Экзотика возле Аэропорта на 2 Гостя;9.3;2648;;9.75;9.25;10;10;104.34383;52.26534;10159350_ostrovok
Апартаменты Home Hotel New Comfort;9.0625;3210;;9.125;9.125;9;10;104.3382;52.286987;10002890_ostrovok
Квартира на Аэропорте 4;9.975;1986;;9.875;10;10;;104.338036;52.269855;10595305_ostrovok
Квартира на 4-Железнодорожной;8.8;1862;;8.666666667;8.666666667;9;;104.24519;52.282475;10530826_ostrovok
Квартиры YES! TIFFANY in Center;9.922222222;4477;;9.777777778;10;10;10;104.271126;52.28859;10014160_ostrovok
Гостиница Лазурный берег;8.240425532;3983;;8.290322581;8.419354839;8.774193548;8.916666667;104.33767;52.2534;7797591_ostrovok
Апартаменты Green Home;9.783333333;2940;;8.666666667;10;10;10;104.33422;52.25058;10659865_ostrovok
Отель Яковлевъ;8.870967742;4500;;9.214285714;9.142857143;9.142857143;9.037037037;104.28911;52.27755;8742012_ostrovok
Апартаменты на Аэропорте;;2176;;;;;;104.33677;52.26943;11200988_ostrovok
Хостел Шикша;9.476666667;1493;;9.7;9.566666667;9.6;8;104.27808;52.281185;8579768_ostrovok
Мини-Отель Nice People;8.417857143;3686;;8.678571429;8.142857143;8.464285714;7.307692308;104.30567;52.279858;8736990_ostrovok
Апартаменты Квартира на Пискунова;9.75;2887;;8.5;10;10;;104.3195;52.270973;10863133_ostrovok
Мини-Отель Good Hotel;8.65;2300;;8.3125;8.75;8.875;8;104.30276;52.26237;10013559_ostrovok
Апартаменты Studio Velvet;9.71;3734;;9.2;9.8;9.7;10;104.2547;52.284508;10003229_ostrovok
Апартаменты Geometria с Cамостоятельным Заездом;9.85;4855;;9;10;10;;104.325005;52.26809;10630564_ostrovok
Уютная квартира в Центре Иркутска  Переулок Гершевича 1;9;2467;;10;10;8;;104.27708;52.289787;10665547_ostrovok
Апартаменты Сити Парк у Модного Квартала;9.15;4314;;9.625;9.125;8.75;;104.29917;52.273346;9998379_ostrovok
Квартира на Аэропорте 6;9.35;1986;;8.5;9.5;9.75;;104.338036;52.269367;10655229_ostrovok
Квартира на Дальневосточной 29/2;9.35;2168;;9;9;9;;104.3002;52.26195;11163173_ostrovok
Квартира с панорамным видом на Аэропорте КакДома;9.2;2280;;10;10;10;;104.33677;52.26943;10362804_ostrovok
"Апартаменты ""Студия 15""";9.6125;3098;;9.5;9.625;9.875;10;104.32396;52.281776;9989175_ostrovok
Апартаменты Изумруд возле Аэропорта;9.818181818;3428;;9.909090909;9.727272727;9.727272727;;104.35899;52.276127;9992239_ostrovok
Мини-отель в самом центре Иркутска;9.446153846;3122;;9.461538462;9.538461538;9.230769231;;104.29063;52.27854;10664878_ostrovok
Апарт-Отель Клевер;8.223913043;2240;;8.934782609;8.065217391;7.760869565;7.285714286;104.2978;52.271515;8869494_ostrovok
Квартира на 5 Армии;9.422222222;2365;;9.333333333;9.555555556;9.555555556;10;104.2739;52.283344;10849905_ostrovok
Апартаменты На Семена Лагоды;9.316666667;2736;;8.666666667;9.666666667;9.833333333;;104.30217;52.262203;10662364_ostrovok
Апартаменты Пыльная Роза;10;3585;;10;10;10;;104.33676;52.270004;11196032_ostrovok
Квартира Однокомнатная на Байкальской;7.7;2097;;8;8;7;;104.32638;52.259094;10670013_ostrovok
Апартаменты Diaday Irk 4;9.373684211;2200;;9.210526316;9.526315789;9.421052632;9;104.33134;52.255577;10015755_ostrovok
Апартаменты Студия в Стрижах;9.566666667;3037;;8;10;10;;104.324;52.281693;11193027_ostrovok
Апартаменты Лермонтова 31;9.25;2539;;9.25;8.75;9.5;;104.25548;52.272545;9771194_ostrovok
Квартира двухкомнатные Be Home на Седова;10;4550;;10;10;10;;104.30364;52.268906;10053000_ostrovok
City Park Hotel (Сити Парк);8.561538462;1900;;9.230769231;8.384615385;8.846153846;;104.29968;52.273335;9987117_ostrovok
Квартира на Аэропорте 7;9.5125;1986;;9.25;9.625;9.625;;104.33792;52.27141;10659883_ostrovok
Апартаменты Кристальная вода;9.722222222;3277;;9.222222222;10;10;10;104.24515;52.28247;10000237_ostrovok
Хостел Решетников;7.488636364;547;;8.846153846;6.974358974;7;5.666666667;104.28847;52.277237;8056380_ostrovok
Квартира Студия 38 м? 2/9 Этаж;10;2863;;10;10;10;;104.33687;52.268974;10850288_ostrovok
Апартаменты Трилиссера 22;8.671428571;2781;;9;8.857142857;8.714285714;2;104.304474;52.27161;9995680_ostrovok
Воздушная Гавань;7.924203822;3600;;9.44137931;8.213793103;8.103448276;7.9921875;104.35391;52.274734;8059310_ostrovok
Фианит Отель;8.353125;2000;;8.258064516;8.258064516;8.870967742;6.333333333;104.31689;52.260868;7744045_ostrovok
Апартаменты Toscana самостоятельное заселение;9.65;4855;;9;10;9.5;;104.32468;52.2835;10626037_ostrovok
Хостел Hi loft;8.446428571;931;;8.954545455;8.772727273;9.318181818;9;104.2999;52.27955;9716244_ostrovok
Апартаменты Nord Sea Studio;10;4108;;10;10;10;10;104.33676;52.270004;10009586_ostrovok
Жилое помещение у Драмтеатра на Карла Маркса;10;4503;;10;10;10;10;104.28146;52.278805;10595277_ostrovok
Апартаменты Уютная Скандинавия возле аэропорта;9.5125;4800;;9.5;9.625;9.4375;10;104.34244;52.265728;10009854_ostrovok
Отель Модуль;9.358333333;3286;;9.083333333;9.5;9.416666667;10;104.30933;52.273643;8585836_ostrovok
Квартира Студия на Аэропорте;9.07;1986;;9;9.1;8.9;;104.33792;52.27141;10672259_ostrovok
Квартира Family Friends Apartments;9.692307692;4400;;9.153846154;9.923076923;9.538461538;9.666666667;104.27109;52.28815;10333099_ostrovok
Квартира Comfortable Life Studio;10;3199;;10;10;10;;104.34383;52.26534;10798145_ostrovok
Хостел VIVA;7.608333333;671;;9.083333333;7.25;6.916666667;7.333333333;104.28298;52.285072;8742992_ostrovok
Пискунова 148-49 в Аэропорту КакДома;9.433333333;2270;;8.666666667;9.666666667;10;;104.33687;52.268974;10656551_ostrovok
Хостел Браво;8.454716981;1080;;9.567010309;8.536082474;8.536082474;7.4375;104.3535;52.273964;6511509_ostrovok
Апартаменты Студия на Дзержинского;9.1;2247;;10;10;8.5;;104.298294;52.28711;11193088_ostrovok
Отель Байкал - Северное Море;7.855;6200;;8.2;7.6;8.35;9.076923077;104.32113;52.25208;8526970_ostrovok
Квартира Студия, 32 м?, 14/19 эт.;;2863;;;;;;104.33434;52.27228;10849910_ostrovok
Апартаменты Tropic Dream Studio;9.766666667;3859;;9.333333333;10;9.666666667;;104.32396;52.281776;10000453_ostrovok
Апартаменты Air Studio с Теплым Паркингом;9.733333333;4481;;9.333333333;9.666666667;10;;104.31679;52.26999;10000433_ostrovok
Апартаменты Иркутские Берега;9.52;3784;;9.6875;9.1875;9.5625;10;104.30114;52.27374;8461507_ostrovok
Гостиница Империя;7.659090909;4189;;9.222222222;8.111111111;8.555555556;7.166666667;104.2827;52.291225;7829344_ostrovok
Гостиница Атлас;9.038461538;3300;;8.384615385;9.307692308;9.5;8.894736842;104.326866;52.264053;7883850_ostrovok
Апартаменты у Дома-Музея Декабриста Князя Трубецкого;9.328571429;2793;;9.285714286;9.428571429;9.142857143;;104.30138;52.286453;9769044_ostrovok
Отель Ибис Иркутск Центр;8.77;4750;;8.681818182;8.772727273;8.772727273;7.3;104.27029;52.28745;8734978_ostrovok
Апартаменты Fresh Point с 2 Спальнями;9.9;5228;;9.333333333;10;10;;104.31984;52.262962;10630563_ostrovok
Апартаменты  на Шапошникова;;2672;;;;;;104.26812;52.28623;10161598_ostrovok
Хостел Сиберия;7.028571429;627;;8.833333333;7.214285714;6.19047619;2.2;104.29331;52.283997;10010015_ostrovok
Апартаменты Deep Green Studio;10;4108;;10;10;10;10;104.31679;52.26999;10005609_ostrovok
Апартаменты Karloff;9.215;3684;;9.75;9.5;9.25;10;104.30028;52.28407;10151741_ostrovok
Апартаменты Coffee&Sweets;9.883333333;4481;;9.666666667;10;9.666666667;10;104.31679;52.26999;10006938_ostrovok
Хостел Montana;8.382222222;650;;9.234567901;8.604938272;8.209876543;6.571428571;104.293526;52.28775;8746907_ostrovok
Квартира на Микрохирургии Глаза 6;9.471428571;2390;;9.571428571;9.285714286;9.428571429;10;104.28648;52.235012;10172373_ostrovok
Грин Отель;7.931818182;2363;;7.8125;7.125;7.4375;5;104.3167;52.267357;6518006_ostrovok
Апартаменты Пушкино;9.016666667;3776;;9.333333333;8.666666667;9.166666667;10;104.25478;52.284557;9992651_ostrovok
Апартаменты Yellow&Bricks;9.35;4481;;9;9;9.5;10;104.29229;52.292282;10019272_ostrovok
Апартаменты Town Island;10;4855;;10;10;10;10;104.30364;52.268906;10613339_ostrovok
Апартаменты в Центре у Модного Квартала;9.685714286;3027;;9.714285714;9.571428571;9.857142857;;104.297195;52.27228;10217524_ostrovok
Апартаменты Спелая вишня на Ленина;9.957142857;5855;;10;9.714285714;10;10;104.28614;52.27678;9991152_ostrovok
Квартира 18b Studio;9.92;3833;;9.8;10;10;10;104.30361;52.271614;10010822_ostrovok
Апартаменты Home Hotel Olimp;8.892307692;2847;;9.230769231;8.846153846;9;10;104.34321;52.26512;10000906_ostrovok
Апартаменты White Beach Studio Самостоятельное Заселение;10;4481;;10;10;10;;104.32468;52.2835;10630562_ostrovok
Отель Звезда;8.697777778;7600;;9.04;9.6;9.68;9.222222222;104.33736;52.278454;7806155_ostrovok
Квартира Студия в Аэропорту Пискунова 148-308 КакДома;;2270;;;;;;104.338036;52.269855;11202803_ostrovok
Апартаменты Один на Байкальской 234в/4;8.735714286;2115;;8.785714286;9;8.928571429;10;104.32552;52.2525;9078041_ostrovok
Квартира Comfort studio Airoport;10;3784;;10;10;10;;104.34072;52.26644;11159067_ostrovok
Квартира на 4-Железнодорожной;8.657142857;1523;;8.571428571;8.285714286;8.571428571;;104.24792;52.2792;10367495_ostrovok
Апартаменты на Лермонтова;9.05;2781;;8.5;8.833333333;9.666666667;;104.253845;52.275578;11028543_ostrovok
Апартаменты Стильная студия;9.6;3973;;10;10;10;;104.30361;52.271614;9932159_ostrovok
Апартаменты Лебедева-Кумача 29;9.566666667;4314;;8.333333333;9.666666667;10;;104.30375;52.271202;9988974_ostrovok
Apartaments PREMIUM on Karl Liebknecht street, 201;9.85;2586;;9;10;10;;104.316696;52.27014;10453063_ostrovok
Апартаменты My Wonderful Day;9.657894737;4855;;8.947368421;9.842105263;9.789473684;8.333333333;104.3243;52.268723;10019245_ostrovok
Апартаменты Красных Мадьяр 14;8.5;2708;;10;8;8;;104.296555;52.27193;9769034_ostrovok
Апартаменты Diaday Irk 3;9.23;2200;;9.1;9.2;9.3;10;104.33134;52.255577;10015753_ostrovok
Мини-отель Купеческий Дворъ;8.939285714;5500;;8.833333333;9;8.666666667;8.6;104.28797;52.27513;8059354_ostrovok
Точка Байкала;8.4;790;;10;8;8;;104.28469;52.278168;11204236_ostrovok
Апартаменты Евротрешка возле ЖД Вокзала;8.8;4167;;8;9;9;;104.25512;52.284992;10594830_ostrovok
Квартира Стильная уютная двушка недалеко от аэропорта на 6 человек;10;5436;;10;10;10;10;104.33489;52.267246;10858918_ostrovok
Апартаменты Home Hotel Like;9.571428571;2592;;9.714285714;9.285714286;9.714285714;;104.34321;52.26512;9999594_ostrovok
Гостиница Юбилейная;8.626923077;2333;;8.041666667;8.791666667;9.041666667;7.5;104.2961;52.222046;6433819_ostrovok
Апартаменты Тропик Оазис;9.190909091;4720;;9.727272727;9.181818182;9.818181818;9.8;104.32569;52.267178;10012733_ostrovok
Апартаменты ЖК Высота аэропорт Иркутск;9.8;2777;;9;10;10;;104.33039;52.273796;10010552_ostrovok
Апартаменты Рантье;9.15;3248;;10;9.5;9;;104.313995;52.255184;10000895_ostrovok
Апартаменты Diaday Irk 79;9.425;2380;;9.5;9.25;9.25;10;104.33134;52.255577;10015758_ostrovok
Апартаменты в центре Иркутска, район музыкального театра;10;5258;;10;10;10;;104.29722;52.27233;11201701_ostrovok
Апартаменты Хрустальный лёд;10;4481;;10;10;10;;104.30172;52.262444;11164687_ostrovok
Апарт-отель МОДНЫЙ в центре;9.5;4375;;9.5;9.5;9.5;10;104.29858;52.27178;9932153_ostrovok
Апартаменты двухкомнатные ЛАТТЕ;9.8;5023;;10;10;10;;104.29053;52.28034;11178562_ostrovok
Апартаменты Самолет возле Аэропорта;9.007692308;3428;;9.384615385;9.076923077;9.076923077;;104.35899;52.276127;9993443_ostrovok
Апартаменты Лагуна;9.25;2729;;8.5;10;10;;104.252495;52.25374;11159240_ostrovok
Квартира Уютная студия в центре города Иркутска;9.7;3485;;10;9;10;;104.2975;52.271294;10670733_ostrovok
Апартаменты на улице Красных Мадьяр 14;9.375;3137;;9.75;9.25;8.75;;104.29718;52.272316;9992207_ostrovok
Квартира Апартаменты на Лермонтова на Микрохирургии Глаза 4;9.355555556;2390;;9.333333333;9.444444444;9.222222222;9;104.28575;52.23615;10009289_ostrovok
Отель Sokolov;6.9;1792;;7.47826087;6.869565217;6.695652174;7.166666667;104.315315;52.262627;8852389_ostrovok
Апартаменты ApartLuxПолиныОсипенко;9.5;3000;;9.357142857;9.5;9.642857143;8.333333333;104.270966;52.287807;10019273_ostrovok
Апартаменты Sunset Studio;8.92;3983;;8;9.2;9.4;10;104.251305;52.28453;10017926_ostrovok
Апартаменты Гармония возле Аэропорта на 2 Гостей;7.7;2554;;8;7;5;;104.34383;52.26534;10653555_ostrovok
Квартира на Атласова;10;2987;;10;10;10;;104.3266;52.26418;10215933_ostrovok
Квартира Тишь;9.5;2727;;8.5;9.5;10;;104.29683;52.222008;10674807_ostrovok
Апартаменты Wood&Stone Studio;10;3734;;10;10;10;;104.256424;52.272884;10002983_ostrovok
Квартира Comfy Karl Apart;;2911;;;;;;104.3111;52.278133;11200845_ostrovok
Апартаменты Небо возле Аэропорта;8.8;3428;;9.2;8.5;9;;104.35899;52.276127;9994663_ostrovok
Апартаменты Studio 88;9.466666667;4108;;9.666666667;10;10;8.5;104.325005;52.26809;10002829_ostrovok
Апартаменты Diaday Irk 2;9.6;2200;;8.5;10;10;;104.33134;52.255577;10015780_ostrovok
Апартаменты Квартира студия у жд вокзала;10;2808;;10;10;10;;104.25469;52.284496;10515474_ostrovok
Гостевой дом Ясный;8.581818182;2464;;8.090909091;8.636363636;8.727272727;10;104.31587;52.30215;9991151_ostrovok
Апартаменты Дмитровка КБ;9.266666667;3186;;9.333333333;9.166666667;8.833333333;;104.27011;52.28836;10053753_ostrovok
Отель Михаил Строгов;8.047058824;3318;;7.222222222;7;7;8.6;104.3207;52.27365;8469949_ostrovok
Мини-отель Хоромы;7.9;1095;;8.571428571;8.285714286;7.571428571;;104.25754;52.280354;10053543_ostrovok
Апартаменты Солнце рядом с Политехом на 2 гостя;10;2649;;10;10;10;;104.25183;52.2537;10461642_ostrovok
Квартира на Верхней Набережной 145/5;;2168;;;;;;104.30777;52.257126;11163166_ostrovok
Квартира Однокомнатная 45 м? 10/17 Этаж;10;3206;;10;10;10;;104.29722;52.27233;10849906_ostrovok
Апартаменты На берегу реки Ангара;9.8;2927;;9;10;10;;104.33422;52.25058;10659882_ostrovok
Апартаменты Diaday Irk 5;7.45;2500;;8.5;7.25;7;;104.33134;52.255577;10015751_ostrovok
Апартаменты Колибри;10;5855;;10;10;10;10;104.307816;52.2786;10530830_ostrovok
Апартаменты Diaday 4;9.6;3300;;9;10;8.5;10;104.311195;52.2673;10015760_ostrovok
Апартаменты Diaday 16;9.8;2975;;9;10;10;;104.31061;52.26684;10012722_ostrovok
Апартаменты на Политехе 7;6.366666667;1892;;6;7.333333333;7;;104.25987;52.265133;11026527_ostrovok
Апартаменты Admiral;9.322727273;3983;;9.772727273;9.545454545;9.409090909;9.4;104.29192;52.27584;9998385_ostrovok
Апартаменты Европрокат;9.425;3000;;8.416666667;9.75;9.916666667;7;104.32792;52.266827;8753404_ostrovok
Апартаменты Diaday 37 м;9.114285714;2500;;9;9;9.285714286;;104.31074;52.266605;10015770_ostrovok
Однокомнатная квартира в Иркутске ЖК Родной берег;10;2585;;10;10;10;;104.299995;52.2618;10665545_ostrovok
Квартира Loft Studio;10;3122;;10;10;10;;104.325325;52.267612;10949023_ostrovok
Апартаменты 9 min Airport;10;4481;;10;10;10;;104.32736;52.267532;10003239_ostrovok
Квартира Greens apartments;10;2240;;10;10;10;;104.32377;52.261353;10292796_ostrovok
International Hotel Sayen;8.343478261;12000;;9.875;9.25;9.875;8.333333333;104.283806;52.282074;7384846_ostrovok
Апартаменты River View Studio;8.783333333;3485;;9;8.666666667;8.833333333;10;104.256424;52.272884;10002988_ostrovok
Квартира Irkroom;10;2937;;10;10;10;;104.34293;52.28949;10852899_ostrovok
Уютная квартира  в Иркутске Дальневосточная 29/4;;2702;;;;;;104.30094;52.262432;10661844_ostrovok
Апартаменты У залива евродвушка с самостоятельным заездом;10;3150;;10;10;10;10;104.3145;52.226707;10172378_ostrovok
Апартаменты Возле СибЭкспоЦентра;10;2530;;10;10;10;;104.35314;52.259087;10622240_ostrovok
Квартира на Аэропорте 5;8.76;2081;;8.6;8.8;8.8;;104.33434;52.27228;10619073_ostrovok
Апартаменты Diaday 8;9.728571429;3000;;9.714285714;9.571428571;9.857142857;;104.3118;52.267113;10015759_ostrovok
Двухкомнатная квартира на улице Марата 6;9.5;2585;;10;9;9.5;;104.27455;52.289192;10626038_ostrovok
Апартаменты 9 min Airport Studio;8.9;4108;;9;9.5;10;;104.32736;52.267532;10007057_ostrovok
Хостел Брусника;9;1200;;9.142857143;9.392857143;9.25;8.857142857;104.257965;52.272636;6327901_ostrovok
Квартира на Депутатской 11;;2062;;;;;;104.319214;52.27775;11196813_ostrovok
Квартира на Микрохирургии Глаза 3;8.925;2390;;9.5;9;7.75;;104.284065;52.236607;10005801_ostrovok
Хостел Bird house;7.88;720;;8.15;7.5;7.85;;104.25769;52.277576;9716120_ostrovok
Апартаменты в Юбилейном 2;;1797;;;;;;104.29683;52.222008;10659880_ostrovok
Апартаменты City Park Studio;10;3859;;10;10;10;;104.32831;52.257137;10008759_ostrovok
Высота 38 на улице Седова;;5125;;;;;;104.30012;52.271004;10850853_ostrovok
Rasko Design Home (Раско Дизайн Хоум) на улице Депутатская;;3186;;;;;;104.34383;52.26534;10453056_ostrovok
Хостел Рус - Иркутск;7.833333333;697;;8.428571429;7.142857143;7.142857143;1;104.28516;52.27845;8433213_ostrovok
Апартаменты Home Hotel Zoom возле Аэропорта;10;2496;;10;10;10;10;104.33684;52.271435;10002863_ostrovok
Апартаменты 2к улучшенные на Верхней набережной;9.8;3429;;9.5;9.5;10;;104.31339;52.255547;10522285_ostrovok
Апартаменты Уютные квартиры в Ново Ленино;10;2617;;10;10;10;;104.207924;52.328724;10662369_ostrovok
Квартира на Ядринцева 12;;2062;;;;;;104.3355;52.27854;11163168_ostrovok
Апартаменты Свердлова 8;;2500;;;;;;104.27644;52.282352;10199144_ostrovok
Апартаменты На Верхней Набережной;10;3585;;10;10;10;;104.31284;52.255947;10136386_ostrovok
Квартира  Евро 2-комнатная в Аэропорту КакДома;6.4;2270;;8;6;7;;104.338;52.270794;10362798_ostrovok
Апартаменты Diaday 35;9.6;2975;;10;10;10;;104.31074;52.266605;10015781_ostrovok
Квартира 1-комнатная с ремонтом на Аэропорте КакДома;8.8;2610;;10;8;8;;104.337944;52.268982;10618155_ostrovok
КакДома на улице Пискунова 142/8;;2523;;;;;;104.338;52.270794;10850864_ostrovok
Апартаменты Винтаж с видом на Залив;7.75;3286;;7.75;7.75;7.75;;104.3161;52.254604;10273081_ostrovok
Апартаменты Diaday 37;7.5;4250;;8;8;6;;104.311195;52.2673;10015752_ostrovok
Гостиница Солнце;8.052631579;5874;;8.777777778;9.111111111;9.444444444;8.333333333;104.359;52.257305;7818100_ostrovok
Квартира Евро 2ком в Аэропорту КакДома;10;2270;;10;10;10;;104.33677;52.26943;10362799_ostrovok
Квартира Стрижи;10;3484;;10;10;10;;104.32396;52.281776;9994546_ostrovok
Апартаменты 5-й Армии 40;7.3;2500;;8.333333333;7.333333333;7.333333333;;104.27689;52.280365;10360304_ostrovok
Апартаменты Indigo Apt;9.4;4800;;9.333333333;9.666666667;9.333333333;;104.32521;52.26752;9993440_ostrovok
Апартаменты Один;9.133333333;2820;;9.333333333;9.333333333;9.666666667;;104.3201;52.252705;8435338_ostrovok
Квартира Студия, 35 м?, 5/10 эт.;;2863;;;;;;104.31679;52.26999;10847765_ostrovok
Апартаменты Sunrise Studio;10;3734;;10;10;10;10;104.2458;52.28322;10162581_ostrovok
Апартаменты Иркутск на улице Трилиссера;;3104;;;;;;104.30449;52.271656;10055760_ostrovok
Гости на Строительном;;4125;;;;;;104.29742;52.27128;10135632_ostrovok
Апартаменты на Лисихе;;2832;;;;;;104.32011;52.25251;8076268_ostrovok
Квартира в ЖК Семья бизнес-класса на Пискунова 136-154;7;2280;;7;4;8;;104.33434;52.27228;10457623_ostrovok
Апартаменты 9 ночей;;3158;;;;;;104.32642;52.267944;11197962_ostrovok
Квартира 1-ком в центре Советская 126-8 КакДома;;2611;;;;;;104.32117;52.27927;11202804_ostrovok
Апартаменты на улице Красных Мадьяр 14;;3500;;;;;;104.296585;52.271957;10850484_ostrovok
Квартира 1ком Дальневосточная 166/61 на Набережной Ангары Жк Скандинавия;;2270;;;;;;104.32767;52.251133;11203491_ostrovok
Апартаменты Озеро возле Аэропорта на 2 Гостя;7.675;2648;;8.25;7;7.5;4.5;104.34383;52.26534;10159351_ostrovok
Квартира Суточно Стрижи Сити Иркутск;;3684;;;;;;104.32468;52.2835;11162808_ostrovok
Высота 38 на улице Мухиной;10;3750;;10;10;10;;104.31488;52.226143;10850856_ostrovok
Апартаменты Hugge;;4108;;;;;;104.328384;52.251125;11202802_ostrovok
КакДома на улице Пискунова 136;;2523;;;;;;104.33434;52.27228;10850870_ostrovok
Один на Байкальской 157/2;;2596;;;;;;104.32363;52.26142;9932254_ostrovok
Апартаменты Краснокачазья 76/6;10;2500;;10;10;10;;104.327614;52.267757;10199140_ostrovok
Апартаменты Центр Города в 5 минутах езды, Размещение 12 мест, сауна, кондиционер!;10;8260;;10;10;10;;104.253555;52.253784;10019289_ostrovok
Sibhome 38 (Сибхоум 38) на улице Седова;;2944;;;;;;104.29802;52.269993;10163960_ostrovok
Апартаменты Studio Monochrome;;4108;;;;;;104.33434;52.27228;11173685_ostrovok
Мини-отель Вега;8.85;2500;;8.214285714;9.357142857;9.142857143;8.333333333;104.2666;52.261997;7776560_ostrovok
Апартаменты на Седова;8.066666667;2781;;8.333333333;8.666666667;8.666666667;;104.30364;52.268906;9991150_ostrovok
Апартаменты на улице Дальневосточная 29/2;;2701;;;;;;104.300285;52.262028;11167806_ostrovok
Отель Lotus;6.227777778;964;;7.076923077;5.769230769;5.769230769;3;104.29911;52.278976;7744038_ostrovok
Апартаменты Иркутск;10;2500;;10;10;10;;104.30813;52.27752;10000898_ostrovok
Квартира на Политехе 4;8.25;1986;;9;8;9;;104.261406;52.265404;10619686_ostrovok
Апартаменты Diaday 38;7.93;3150;;8.7;8.1;7.7;10;104.31074;52.266605;10015757_ostrovok
Отель Гостиница Академическая;8.243333333;1461;;8.56;8.28;8.72;8.6;104.27087;52.248627;8438905_ostrovok
Квартира На Улице Юрия Тена;;2441;;;;;;104.25751;52.25339;11200844_ostrovok
Квартира на Микрохирургии Глаза 2;9.5;2190;;9.2;9.6;9.6;8;104.28444;52.2369;10006020_ostrovok
GoodHome38 (ГудХоум38) на улице Семена Лагоды 4/2;;3795;;;;;;104.301575;52.261345;10451506_ostrovok
Апартаменты КАПУЧИНО;8.9;2944;;10;9.5;10;;104.34298;52.26653;10000720_ostrovok
Апартаменты на Декабрьских Событий 31 9 ночей Иркутск;8;3644;;8;8;9;;104.29746;52.289284;11193040_ostrovok
Апартаменты на улице Депутатская 87/14;;5061;;;;;;104.34244;52.265728;11204238_ostrovok
Апартаменты Однокомнатные на Невского;;2672;;;;;;104.31319;52.269382;11193099_ostrovok
Апартаменты на набережной Верхняя 145/5;;2701;;;;;;104.307686;52.25718;11167804_ostrovok
Апартаменты Moonlight рядом Аэропорт;9.9;3311;;9.333333333;10;10;;104.35324;52.28961;11201702_ostrovok
Апарт-отель «Иркутские берега»;;3966;;;;;;104.319756;52.27199;6758454_ostrovok
Апартаменты Видовые на Лыткина;;3037;;;;;;104.305016;52.26325;11193024_ostrovok
Квартира Иосифа Уткина 2;2.9;3540;;5;2;2;1;104.3069;52.282;10009273_ostrovok
Апартаменты Грязнова 12;7.7;2500;;9;8;6;;104.286606;52.280132;10199139_ostrovok
Квартира Квартиры Irkroom Верхняя набережная;;3192;;;;;;104.316536;52.25443;11195832_ostrovok
Little Home Central Park (Литл Хоум Централ Парк);;5905;;;;;;104.30111;52.27372;10850875_ostrovok
Отель Союз;8.546666667;4353;;8.333333333;9.083333333;9.666666667;8.2;104.256676;52.252377;8662950_ostrovok
Апарт-Отель Twin City;;2497;;;;;;104.30958;52.262653;11195361_ostrovok
Апартаменты на микрорайоне Крылатый 24/1;;2414;;;;;;104.34138;52.266766;11198693_ostrovok
Апартаменты Двухкомнатные на Лыткина;;3037;;;;;;104.305016;52.26325;11193026_ostrovok
Апартаменты на Пионерском в Центре;;2551;;;;;;104.28871;52.28175;11193102_ostrovok
Апартаменты на улице Байкальская 107А/3;;2875;;;;;;104.31053;52.26703;10850404_ostrovok
Апартаменты на Поленова;;2672;;;;;;104.316154;52.284283;11193023_ostrovok
Апартаменты недалеко от Автвокзала;;2794;;;;;;104.2993;52.289032;11193096_ostrovok
Квартира на 4-Железнодорожной;7.866666667;1702;;7.666666667;8;8;;104.24792;52.2792;10655230_ostrovok
Апартаменты Красных Мадьяр 14/2;;2962;;;;;;104.297195;52.27228;9769033_ostrovok
Апартаменты 9 ночей в Стрижах;;3037;;;;;;104.324;52.281693;11193030_ostrovok
Апартаменты на улице Култукской 101;;2728;;;;;;104.3442;52.284683;10210997_ostrovok
GoodHome38 (ГудХоум38) на улице Семена Лагоды 4/1;;5151;;;;;;104.30126;52.26116;10451582_ostrovok
Апартаменты Высота 38;10;5102;;10;10;10;10;104.30007;52.27103;10467487_ostrovok
Апартаменты на Лыткина 9/6;;2672;;;;;;104.305016;52.26325;11193029_ostrovok
Квартира на Байкальской 107А/1;;2855;;;;;;104.31104;52.26667;11163174_ostrovok
Апартаменты на Карла Маркса 18;5.75;2688;;9;4.5;5.5;;104.28153;52.278942;10850874_ostrovok
Апартаменты на Верхней Набережной 145/11;8.55;1929;;10;8;7.5;;104.30886;52.257004;10055289_ostrovok
Апартаменты на Карла Либкнехта;10;3644;;10;10;10;;104.3104;52.27924;11193047_ostrovok
Хостел Три Матрёшки на Терешковой;7.085714286;600;;8.666666667;7.333333333;7.555555556;2;104.2545;52.27926;6787398_ostrovok
Апартаменты в Лисихе;;2794;;;;;;104.31706;52.25957;11193097_ostrovok
Апартаменты Удивительная Квартира на Пискунова 131/1;;3277;;;;;;104.331566;52.27357;10609501_ostrovok
Квартира Студия на Пискунова 148/7 около Аэропорта;;2280;;;;;;104.338036;52.269855;10440319_ostrovok
Апартаменты Седова 65А/2;;5288;;;;;;104.29841;52.270767;9078042_ostrovok
Апартаменты Студия в Стрижах-Сити;;3037;;;;;;104.324;52.281693;11193094_ostrovok
Апартаменты Студия в центре Октябрьского района;;4361;;;;;;104.304016;52.270218;10657093_ostrovok
Квартира 1ком Дальневосточная 166/45 на Набережной Жк Скандинавия;3.2;2270;;6;2;2;;104.32767;52.251133;11203494_ostrovok
Апартаменты Арабская Ночь;;2330;;;;;;104.325005;52.26809;11196033_ostrovok
Квартира ПосутКактус38;10;2962;;10;10;10;;104.33676;52.270004;11197958_ostrovok
Апартаменты на улице Дальневосточная;6.2;2750;;7;5;5;;104.31344;52.255543;10850516_ostrovok
Апартаменты на улице Ядринцева 12;;2569;;;;;;104.335526;52.27854;11167807_ostrovok
Arenda38 (Аренда38) на улице Пискунова;;3941;;;;;;104.33677;52.269993;10850859_ostrovok
евро 2-ком Красноказачья 76/2-34 КакДома;;2610;;;;;;104.32706;52.26724;10467344_ostrovok
Квартира с Панорамным Балконом Около Аэропорта Пискунова 142/7;;2270;;;;;;104.33792;52.27141;10462673_ostrovok
"Апартаменты Центр Города в 5 минутах езды! ""Круассан""";7.6;2872;;8;10;6;;104.25656;52.254147;10019729_ostrovok
Premium (Премиум) на улице Байкальская 107А/5;;3711;;;;;;104.31077;52.267433;10004040_ostrovok
Апартаменты на улице Дальневосточная 149;;2414;;;;;;104.32178;52.253723;11198692_ostrovok
Отель Усадьба 50;5.8;1439;;9;5;7;;104.298546;52.286488;9085738_ostrovok
Апартаменты В Юбилейном;;1797;;;;;;104.29683;52.222008;11026521_ostrovok
Апартаменты Санторини возле Аэропорта на 2 Гостей;7.35;2554;;7.75;7;7.5;;104.34383;52.26534;10653556_ostrovok
Be Home (Би хоум) на улице Красных Мадьяр 14;;4030;;;;;;104.29657;52.272133;9987409_ostrovok
Один на Седова;;5310;;;;;;104.29836;52.27078;9825032_ostrovok
Arenda38 (Аренда38) на набережной Верхняя 165/4;;5452;;;;;;104.330505;52.250404;10151980_ostrovok
Апартаменты Аэропорт Иркутск;6.65;2956;;7.5;7.5;5.5;;104.34865;52.28141;10006232_ostrovok
Апартаменты 2к на Диагностическом Центре;3.4;2913;;4;5;3;;104.322945;52.26026;10011265_ostrovok
Квартира в Солнечном;;2588;;;;;;104.35641;52.252724;11200675_ostrovok
Апартаменты в Стрижах;;3037;;;;;;104.324;52.281693;11193031_ostrovok
Апартаменты на улице Киренская 46/1;8.2;2737;;9;8;8;;104.30569;52.310913;10850418_ostrovok
Апартаменты на Депутатской;;3037;;;;;;104.32452;52.26904;11193044_ostrovok
Квартира Cute Karl apart;;2911;;;;;;104.3111;52.278133;11200848_ostrovok
Апартаменты Sunny Sky Studio;;4108;;;;;;104.33676;52.270004;10210681_ostrovok
Апартаменты Великолепная Студия у ЖД вокзала;;2962;;;;;;104.2547;52.284508;9769037_ostrovok
Myata;4.74;2467;;5.4;4.2;5.4;8;104.34172;52.266663;9996521_ostrovok
Апартаменты Квадрум у Модного Квартала;;3973;;;;;;104.30333;52.271572;9995669_ostrovok
КакДома на микрорайоне Крылатый 24/4;;2523;;;;;;104.34299;52.26678;10850862_ostrovok
Апартаменты Irk;8.3;2700;;8;8;8;;104.27109;52.288143;9213307_ostrovok
КакДома на улице Зверева;;2523;;;;;;104.32855;52.267357;10850872_ostrovok
Sibhome 38 (Сибхоум 38) в микрорайоне Крылатый 24/2;;2688;;;;;;104.34172;52.266663;10163961_ostrovok
Sibhome 38 (Сибхоум 38) на улице Депутатская 87/12;;3172;;;;;;104.3431;52.265724;10451999_ostrovok
Квартира 1-ком Дальневосточная 166/4-133 в ЖК Скандинавия Бизнес-класса;;4979;;;;;;104.32767;52.251133;11202153_ostrovok
Апартаменты Студия на Модном;;3037;;;;;;104.30335;52.26934;11193093_ostrovok
Апартаменты  у ЖД Вокзала;;5925;;;;;;104.252205;52.283913;10372942_ostrovok
в Аэропорту Пискунова 148-27 КакДома;8.3;2622;;8;8;8;;104.33676;52.270004;10462675_ostrovok
Апартаменты Двухкомнатные на Атласова;;2915;;;;;;104.3266;52.26418;11193092_ostrovok
Be Home (Би хоум) на улице Красных Мадьяр 14/2;;3900;;;;;;104.29794;52.27225;9987129_ostrovok
Апартаменты Вместительные в Центре Города;;3644;;;;;;104.3104;52.27924;11193032_ostrovok
Отель Smart Hotel KDO Иркутск;5.2;1195;;8;5;3;;104.25831;52.284367;10153381_ostrovok
Гости на улице Ленина;;6250;;;;;;104.28614;52.27678;10162023_ostrovok
База Отдыха Побег из Квартиры;;5893;;;;;;104.289024;52.285484;10847743_ostrovok
КакДома на улице Пискунова 148/3;;2902;;;;;;104.337944;52.268982;10850867_ostrovok
Апартаменты на Зверева;;2429;;;;;;104.328156;52.26694;11193034_ostrovok
Rasko Design Home (Раско Дизайн Хоум) на улице Пискунова;;3309;;;;;;104.33474;52.271652;10153553_ostrovok
Апартаменты на улице Мельничная 2/3;;2737;;;;;;104.29201;52.312565;10850461_ostrovok
Апартаменты Студия на Донской 9 ночей Иркутск;;2308;;;;;;104.31841;52.263783;11193038_ostrovok
Квартира на Политехе 5;;1892;;;;;;104.26215;52.264893;10947691_ostrovok
Иркутские берега;;3800;;;;;;104.29641;52.272125;9987416_ostrovok
Апартаменты Студия на Донской;;2308;;;;;;104.31841;52.263783;11193039_ostrovok
Be Home (Би хоум) на Строительном;;3640;;;;;;104.29742;52.27128;9987128_ostrovok
Квартира Верхняя Набережная 145А;4.2;2957;;5;1;5;;104.30595;52.25786;11177961_ostrovok
Рантье на улице Советская;;2500;;;;;;104.34865;52.28141;10850878_ostrovok
Гости на улице Триллиссера;;4375;;;;;;104.302795;52.271526;9987130_ostrovok
Отель Веста;7.5;2285;;7.285714286;8.428571429;8;7;104.290436;52.31273;10669982_ostrovok
Квартира Уютная квартира;;4167;;;;;;104.25931;52.26716;10682211_ostrovok
Апартаменты на улице Депутатская 78/5;;4000;;;;;;104.32873;52.264874;10850411_ostrovok
Апартаменты Easy Studio;;2832;;;;;;104.32994;52.273544;10364616_ostrovok
Апартаменты на Верхней Набережной 145/13;;2137;;;;;;104.30944;52.25702;10055303_ostrovok
Апартаменты Эконом;;2290;;;;;;104.27109;52.28815;10161184_ostrovok
Апартаменты рядом с Автовокзалом;;2551;;;;;;104.29886;52.289577;11193103_ostrovok
Квартира 1ком Пискунова 142/7-83 в Аэропорту КакДома;;2270;;;;;;104.33792;52.27141;11203492_ostrovok
GoodHome38 (ГудХоум38) на улице Семена Лагоды 4/2;;4744;;;;;;104.30148;52.26144;10451501_ostrovok
Апартаменты Diaday 2;;7500;;;;;;104.311195;52.2673;10015784_ostrovok
Апартаменты Маршала Конева 40;;2500;;;;;;104.20021;52.260464;10199145_ostrovok
Апартаменты Центр Города в 5 минутах езды, с размещением 7 гостей!;;2667;;;;;;104.27471;52.252087;10436951_ostrovok
SweetHome (СвитХоум) на проезде Юрия Тена;;2919;;;;;;104.25183;52.2537;10476785_ostrovok
Квартира Трехкомнатная в Центре Иркутска;;8226;;;;;;104.307816;52.278614;11199109_ostrovok
Отель Гостиничный Комплекс София;6.166666667;1702;;5;5.333333333;6.666666667;;104.21745;52.361763;10658265_ostrovok
Arenda38 (Аренда38) на улице Депутатская;;3284;;;;;;104.32879;52.265675;10850846_ostrovok
Мини-Отель Альпари;7.792857143;2190;;7.666666667;8.777777778;8.555555556;8;104.30829;52.23193;7776573_ostrovok
Апартаменты на улице Дальневосточная 106;;3097;;;;;;104.31344;52.255543;11167805_ostrovok
Апартаменты Терешковой 17;;2500;;;;;;104.254906;52.2793;10199162_ostrovok
Апартаменты Студия возле главного управления ВСЖД;;2688;;;;;;104.2458;52.283203;10372943_ostrovok
Апартаменты на улице Байкальская 236б/8;;3000;;;;;;104.32789;52.252148;10850406_ostrovok
Апартаменты Diaday Irk 47;;2800;;;;;;104.33134;52.255577;10015779_ostrovok
КакДома на улице Пискунова 148/4;;2523;;;;;;104.33677;52.26943;10850863_ostrovok
Рантье на улице Дальневосточная 108;;3624;;;;;;104.313995;52.255184;10850873_ostrovok
Апартаменты Серебро - студия в центре у 130 Квартала;;3547;;;;;;104.30375;52.271202;10461646_ostrovok
Rasko Design Home (Раско Дизайн Хоум) на улице Пушкина;;4306;;;;;;104.25374;52.284508;11167802_ostrovok
Квартира Студия на Депутатской 87 около аэропорта;;2270;;;;;;104.34374;52.26565;10625454_ostrovok
Апартаменты Студия на Донской;;2308;;;;;;104.31841;52.263783;11193036_ostrovok
Апартаменты Трехкомнатная возле Иргупса;;3585;;;;;;104.25931;52.26716;10594829_ostrovok
Апартаменты на улице Байкальская 234В;;2437;;;;;;104.32521;52.25272;11167803_ostrovok
Квартира 1 Комнатная на Лыткина;;3290;;;;;;104.305016;52.26325;11199108_ostrovok
Студия в Аэропорту Крылатый 24/4-6 КакДома;;2270;;;;;;104.34299;52.26678;10572815_ostrovok
Квартира Territory for life на Киевской;;6588;;;;;;104.29076;52.279568;10654931_ostrovok
Апартаменты на улице Байкальская;;2834;;;;;;104.32685;52.258984;10850487_ostrovok
Rasko Design Home (Раско Дизайн Хоум) на улице Румянцева;;3937;;;;;;104.25478;52.284557;10153555_ostrovok
Premium (Премиум) на улице Дальневосточная 120;;3943;;;;;;104.31636;52.25429;10000628_ostrovok
Апартаменты на Верхней набережной;;4200;;;;;;104.329765;52.250072;9987414_ostrovok
Апартаменты Центр Города Монако;;3077;;;;;;104.2576;52.252827;10457634_ostrovok
Квартира Однокомнатная 45 м? 7/9 Этаж;;2863;;;;;;104.31679;52.26999;10849908_ostrovok
Апартаменты на улице Байкальская 107А/1;;3558;;;;;;104.311104;52.26671;11167800_ostrovok
Territory for life (Тэритори фо лайф) на улице Култукская;;5270;;;;;;104.32469;52.283875;11167799_ostrovok
Квартира Cozy Karl Apart;4.2;2911;;5;5;5;;104.289024;52.285484;11200847_ostrovok
Апартаменты Bohemia Апартаменты с 2мя спальнями;;5228;;;;;;104.32759;52.2664;11164626_ostrovok
Квартира на 30 Дивизии 26/2;;2360;;;;;;104.33489;52.267246;10002262_ostrovok
Апартаменты Diaday Irk 6;;2380;;;;;;104.33134;52.255577;10015776_ostrovok
Хостел Magas;7.609090909;1000;;8.888888889;7.555555556;8.111111111;;104.258;52.2813;6839053_ostrovok
Апартаменты на улице Красных Мадьяр 14/2;;5746;;;;;;104.297646;52.272217;11198760_ostrovok
SweetHome (СвитХоум) на улице Депутатская;5.8;2919;;6.5;5.5;5.5;;104.34379;52.26531;10161800_ostrovok
Апартаменты Diaday Irk 124;;2380;;;;;;104.33134;52.255577;10015782_ostrovok
Апартаменты 2-х комнатные на улице Депутатской;9.6;3080;;10;10;10;;104.3266;52.26678;10622234_ostrovok
Апартаменты на улице Сурнова 30/6;;2613;;;;;;104.29109;52.311653;10850482_ostrovok
Апартаменты 2к квартира на областной больнице;;3193;;;;;;104.2974;52.222134;11193098_ostrovok
Апартаменты Пятый элемент;;3358;;;;;;104.24519;52.282475;11200604_ostrovok
Апартаменты на улице Карла Либкнехта 116;;3500;;;;;;104.310776;52.278732;10850407_ostrovok
Квартира на Дальневосточной 106;;2485;;;;;;104.31339;52.255547;11163167_ostrovok
Квартира Cushy Karl Apart;;2911;;;;;;104.289024;52.285484;11200846_ostrovok
Апартаменты на Политехе;;1892;;;;;;104.26018;52.264496;11028219_ostrovok
Рантье на улице Байкальская;;3250;;;;;;104.322945;52.26026;10850877_ostrovok
Квартира на Байкальской 234В;;1956;;;;;;104.32528;52.252747;11163169_ostrovok
Sibhome 38 (Сибхоум 38) на улице Депутатская 87/9;;2700;;;;;;104.34383;52.26534;11167811_ostrovok
Квартира Territory for life на Розы Люксембург;9.7;3658;;10;9;10;;104.150665;52.35627;10578203_ostrovok
Гостевой Дом на Звездинской;7.62;2890;;7.909090909;7.909090909;7.818181818;7.142857143;104.25609;52.27347;6827039_ostrovok
Высота 38 на улице 30-й Иркутской Дивизии;;5250;;;;;;104.33494;52.267403;10850854_ostrovok
Квартира на Байкальской;;3236;;;;;;104.33085;52.25629;10798144_ostrovok
Отель Центр отдыха Лагуна;7.984210526;2539;;7.473684211;8.052631579;7.947368421;4.5;104.308266;52.229546;8408474_ostrovok
Апартаменты 2к апартаменты на СибЭкспоЦентре;;3784;;;;;;104.35468;52.254402;11199847_ostrovok
Апартаменты льдинка;9.3;3494;;9;9;10;;104.338036;52.269367;11171395_ostrovok
Апартаменты Kievskaya 19;;2700;;;;;;104.29076;52.279568;10677546_ostrovok
Апартаменты на улице Дальневосточная 29/4;;3104;;;;;;104.3009;52.262505;10850417_ostrovok
Апартаменты Великолепная Студия у ж/д  Вокзала;9.8;2688;;9;10;10;;104.25374;52.284508;10360286_ostrovok
Апартаменты Центр Города Тедди;9.3;2565;;10;10;8;;104.25779;52.253113;10457577_ostrovok
Апартаменты Аэропорт Иркутск 1км;7.65;2240;;8.5;8.5;6.5;;104.34865;52.28141;10010820_ostrovok
Апартаменты Иркутск на улице Седова;;3104;;;;;;104.30366;52.268963;10055757_ostrovok
Коттедж в Лесном;8.5;22407;;10;10;10;;104.32992;52.33211;11177963_ostrovok
Twin City (Твин Сити);;3295;;;;;;104.30978;52.26262;11195046_ostrovok
Sibhome 38 (Сибхоум 38) на улице Красноказачья;7.2;3660;;7;6;7;;104.32152;52.277466;10451777_ostrovok
Апартаменты на проезде Юрия Тена 10;;3031;;;;;;104.25751;52.25345;11198695_ostrovok
Апартаменты возле Баргузина;;5826;;;;;;104.31061;52.26684;9991758_ostrovok
Апартаменты на улице Марата;;2969;;;;;;104.27455;52.289192;10850488_ostrovok
Апартаменты на набережной Верхняя 145/8;;3125;;;;;;104.30844;52.25726;10850485_ostrovok
Гостиница У Истока;6.323076923;3000;;7.428571429;7.285714286;7.714285714;7.333333333;104.36322;52.252934;7675302_ostrovok
Квартира Студия на Якоби;10;3883;;10;10;10;;104.31484;52.226093;11164437_ostrovok
Apartaments PREMIUM on Deputatskaya str., 47/2;;2435;;;;;;104.32429;52.268852;10055671_ostrovok
Квартира Трудовая 56/3;5.2;2360;;4;5.5;5;10;104.31842;52.272205;10002267_ostrovok
Апартаменты на переулке Гершевича;;2834;;;;;;104.27713;52.289795;10850486_ostrovok
Апартаменты на улице Советская;7.8;2875;;8;10;5;;104.345345;52.28028;10850423_ostrovok
Квартира Евро 2-комнатная на Красноказачья 76 КакДома;;2270;;;;;;104.32706;52.26724;10490029_ostrovok
Апартаменты на улице Дальневосточная 29/1;;2816;;;;;;104.30003;52.261845;10850481_ostrovok
Апартаменты Шалфей;;3585;;;;;;104.338;52.270794;11196031_ostrovok
София;;1800;;;;;;104.21751;52.36178;9079559_ostrovok
Апартаменты на Микрохирургии Глаза 7;10;2270;;10;10;10;10;104.28577;52.235703;11162807_ostrovok
Юпитер;;3000;;;;;;104.30714;52.30965;9987415_ostrovok
Хостел Riverside;9.4;2251;;8.666666667;10;9.666666667;;104.32453;52.25251;8754956_ostrovok
Rasko Design Home (Раско Дизайн Хоум) на улице 4-я Железнодорожная;;3432;;;;;;104.24505;52.28308;10055434_ostrovok
Апартаменты City Center;6.775;4481;;7;6;6.5;1;104.301895;52.268845;10162366_ostrovok
Rasko Design Home (Раско Дизайн Хоум) в микрорайоне Юбилейный;;2856;;;;;;104.2974;52.222134;11167810_ostrovok
Квартира на Мамина Сибиряка;9.833333333;2335;;9.666666667;10;10;;104.235146;52.261814;11200840_ostrovok
Апартаменты Рябикова 21а;;3500;;;;;;104.20845;52.26766;10199141_ostrovok
Квартира Гладь;;2727;;;;;;104.29683;52.222008;10675379_ostrovok
SweetHome (СвитХоум) на улице Можайская;7.333333333;3649;;8.666666667;7.666666667;7;;104.35894;52.27612;10153552_ostrovok
Апартаменты на Ядринцева;;4322;;;;;;104.33476;52.277695;11173817_ostrovok
Квартира На Улице Юрия Тена 10;;2441;;;;;;104.25751;52.25339;11200815_ostrovok
Apartments in the residential district Yubileyny 117/1;;2425;;;;;;104.29849;52.222385;11198763_ostrovok
Arenda38 (Аренда38) в микрорайоне Первомайский;;3021;;;;;;104.24074;52.25797;10850849_ostrovok
с кондиционером (остановка Депутатская);;2270;;;;;;104.328156;52.26694;10572814_ostrovok
Квартира на Микрохирургии Глаза;6.9;2390;;9;7;8;;104.284065;52.236607;9993433_ostrovok
Апартаменты Diaday 31-1;;3000;;;;;;104.31083;52.267227;10575649_ostrovok
Апартаменты на улице Безбокова 32/12;;9490;;;;;;104.30155;52.23543;11204240_ostrovok
Апартаменты на улице Сурнова 30/3;;2737;;;;;;104.29065;52.312054;10850483_ostrovok
Апартаменты Видовая Студия Ангара;;2672;;;;;;104.305016;52.26325;11193091_ostrovok
Апартаменты на улице Мамина-Сибиряка 31;;2899;;;;;;104.23515;52.2618;11198725_ostrovok
Квартира Студия, 37 м?, 9/9 эт.;;3206;;;;;;104.31906;52.26252;10847766_ostrovok
Апартаменты Центр города;;3590;;;;;;104.25856;52.251907;10625453_ostrovok
Апартаменты Двухкомнатные в Центре 9 ночей;;3158;;;;;;104.3104;52.27924;11193035_ostrovok
Апартаменты на улице Сурнова;;4080;;;;;;104.29296;52.311916;9987413_ostrovok
Апартаменты Луна рядом с Политехом на 2 гостя;7.4;2649;;7;5;8;;104.25183;52.2537;10461644_ostrovok
Высота 38 на улице Безбокова;;3250;;;;;;104.303894;52.23533;10850848_ostrovok
Апартаменты на улице Култукская 18;;3479;;;;;;104.296555;52.27193;11204244_ostrovok
Студия на Депутатской 84/1;;2270;;;;;;104.328766;52.264477;10477833_ostrovok
Квартира  Irkroom Крылатый;;2937;;;;;;104.34299;52.26678;10852900_ostrovok
Квартира Евро 2-комнатная на Депутатской 51 КакДома;;2610;;;;;;104.325005;52.26809;10292310_ostrovok
Апартаменты Океан Стильная Студия у 130 Квартала;;3349;;;;;;104.30361;52.271614;10214954_ostrovok
Апартаменты в микрорайоне Крылатый 22/2;;3163;;;;;;104.34072;52.26644;11204239_ostrovok
Квартира Евродвушка на Южной;10;3365;;10;10;10;;104.30403;52.235394;11164436_ostrovok
Квартира 1-комнатная 48 м?, 14/19 эт.;;3092;;;;;;104.33434;52.27228;10849902_ostrovok
Апартаменты на улице Трилиссера 22;;3235;;;;;;104.3045;52.27162;10850477_ostrovok
Апартаменты на улице Семена Лагоды;;2952;;;;;;104.30157;52.261375;11204243_ostrovok
Квартира ЖК Квартал;;3833;;;;;;104.29722;52.27233;11171579_ostrovok
Апартаменты на улице Лебедева-Кумача;;4982;;;;;;104.303764;52.271214;11198734_ostrovok
Апартаменты  Andersen;;4108;;;;;;104.33486;52.272205;11200039_ostrovok
Апартаменты Медовый лофт;10;3983;;10;10;10;10;104.336876;52.27141;11182274_ostrovok
Апартаменты на Атласова;;2915;;;;;;104.3266;52.26418;11199163_ostrovok
Квартира Просторная видовая 2к на 15 этаже в Центре Иркутска;;4730;;;;;;104.30114;52.27374;11205823_ostrovok
Апартаменты на улице Пискунова;;3125;;;;;;104.33676;52.270004;10850515_ostrovok
Sibhome 38 (Сибхоум 38) на улице Советская;9;2688;;5;10;10;;104.315994;52.27818;10163963_ostrovok
Апартаменты Рябикова 36/5;;2300;;;;;;104.2115;52.26112;10199142_ostrovok
Апартаменты на улице Осипенко 13;;4982;;;;;;104.27109;52.28815;11198761_ostrovok
Апартаменты на улице Красногвардейская 20/4;;2737;;;;;;104.309814;52.287678;10850480_ostrovok
Апартаменты на улице Депутатская 53;;3479;;;;;;104.325325;52.267612;11204241_ostrovok
Апарт-отель King Dom;6.816666667;3902;;6.166666667;5.833333333;8;;104.16112;52.347416;10578791_ostrovok
Апартаменты на улице Дальневосточная 116;;3479;;;;;;104.316154;52.25455;11204237_ostrovok
Апартаменты на улице Байкальская 208;;4175;;;;;;104.32831;52.257137;11198724_ostrovok
Апартаменты на улице Депутатская 87/9;;3585;;;;;;104.34383;52.26534;11204234_ostrovok
Отель Амурский;8.7;36000;;9;9;9;6.333333333;104.28177;52.280666;9079548_ostrovok
КакДома на улице Пискунова 148/5;;2902;;;;;;104.33676;52.270004;10850866_ostrovok
Квартира Уютная 2к комнатная квартира на Лермонтова;;3024;;;;;;104.257805;52.269653;10858729_ostrovok
Апартаменты на улице 30 Дивизии 26/4;;2750;;;;;;104.33579;52.267357;10850416_ostrovok
Апартаменты на улице 30 Дивизии 26/1;;2750;;;;;;104.334915;52.266945;10850414_ostrovok
КакДома на улице Пискунова 138;;2523;;;;;;104.33486;52.272205;10850871_ostrovok
Apartments on 29/1 Dalnevostochnay Street;;2684;;;;;;104.29997;52.261803;11205875_ostrovok
Апартаменты на Политехе 8;6.7;1892;;7;7;10;;104.26022;52.264694;11028220_ostrovok
Апартаменты на улице Зверева;;3750;;;;;;104.32814;52.26704;10850501_ostrovok
Arenda38 (Аренда38) на улице 25 Октября;;4861;;;;;;104.298225;52.27191;10850850_ostrovok
Апартаменты на улице Свердлова 13;;4982;;;;;;104.27716;52.283665;11198762_ostrovok
Apartments on 1/1 Tsimlyansky Street;;2789;;;;;;104.315254;52.25898;11205876_ostrovok
Апартаменты на Политехе 6;7.5;1986;;7;7;7;;104.26052;52.26504;11162806_ostrovok
Апартаменты на улице Красных Мадьяр 14;;5061;;;;;;104.296555;52.27193;11204242_ostrovok
Arenda38 (Аренда38) на улице Дальневосточная;;4073;;;;;;104.3229;52.25437;10850851_ostrovok
КакДома на улице Красноказачья;;2523;;;;;;104.32706;52.26724;10850869_ostrovok
Хостел Гостишка;10;750;;10;10;10;;104.28134;52.280552;10658264_ostrovok
Апартаменты на улице Фридриха Энгельса 12;;2861;;;;;;104.30428;52.284145;10850479_ostrovok
Квартира у Микрохирургии;;2592;;;;;;104.28019;52.23521;10668929_ostrovok
Апартаменты Бородина 7/4;;3554;;;;;;104.307755;52.22866;10172723_ostrovok
КакДома на улице Пискунова 148;;2523;;;;;;104.33687;52.268974;10850865_ostrovok
Квартира Благодать;10;2415;;10;10;10;;104.29683;52.222008;10675378_ostrovok
Sibhome 38 (Сибхоум 38) на Пискунова;;2700;;;;;;104.33817;52.269733;11167813_ostrovok
Апартаменты Золотая магнолия;;4481;;;;;;104.2458;52.283203;11182271_ostrovok
BetterThanHotel (ЛучшеЧемОтель) на улице Карла Либкнехта;;3505;;;;;;104.3171;52.269592;10453061_ostrovok
Планета;6.3;2500;;5;10;6;5;104.187965;52.345356;8850641_ostrovok
Апартаменты на улице Байкальская 293/3;;5000;;;;;;104.35842;52.257896;10850494_ostrovok
Апартаменты на улице Гоголя;;3496;;;;;;104.25771;52.27239;10850860_ostrovok
Апартаменты Центр Города в 5 минутах езды, размещение 5 гостей!;;3078;;;;;;104.25902;52.251804;10175390_ostrovok
Апартаменты на Терешковой;;6020;;;;;;104.25452;52.27922;9992238_ostrovok
Arenda38 (Аренда38) на улице Ядринцева;;3941;;;;;;104.33531;52.27488;10850855_ostrovok
Апартаменты Юрия Тена 15;;2500;;;;;;104.25567;52.254143;9997551_ostrovok
Апартаменты на проезде Юрия Тэна;;2750;;;;;;104.257866;52.253117;10850409_ostrovok
Сатурн;9;3000;;8;10;10;8;104.21406;52.343086;9291161_ostrovok
Апартаменты на улице Помяловского 8;;3031;;;;;;104.27729;52.23623;11198727_ostrovok
Apartments on Borodina street 7;;3021;;;;;;104.30647;52.22913;11205878_ostrovok
Apartments on Borodina street 4;;2578;;;;;;104.30576;52.22856;11205877_ostrovok
Отель Дом барона фон Таубе;;16500;;;;;;104.29263;52.287014;10621687_ostrovok
Дом в Лесном;;26362;;;;;;104.32992;52.33211;11204246_ostrovok
Отель ТриКита;8.976470588;2290;;9.117647059;8.882352941;9;6;101.628746;56.149746;9824733_ostrovok
Апартаменты Клубный Квартал;8.659259259;2937;;9.037037037;8.740740741;8.925925926;8.857142857;101.64935;56.150185;9081992_ostrovok
Апартаменты Студия 27;9.725;2688;;8.5;10;10;;101.73661;56.319458;10016184_ostrovok
Апартаменты Металлургов 21;10;2018;;10;10;10;;101.62216;56.17276;10092518_ostrovok
Апартаменты Зверева 4;10;2473;;10;10;10;;101.747444;56.31674;10479159_ostrovok
Апартаменты Иванова 27;9.85;2420;;9;10;10;;101.73661;56.319458;10440165_ostrovok
Шведка;6.225;1824;;10;8.5;7.5;3;101.619514;56.15268;8057982_ostrovok
Гостевой Дом Времена года;7.62;4175;;9.5;8.625;8.125;6.333333333;101.615036;56.15231;6511529_ostrovok
Hotel Taiga;8.05;5039;;9.8;9.6;9.6;6.666666667;101.621925;56.15637;6923154_ostrovok
Поделам в Братск на улице Мира 5;8.4;2322;;10;8;8;;101.61584;56.14895;10486235_ostrovok
Белый берег;;5368;;;;;;101.66028;56.157516;10844916_ostrovok
Мини-отель Люкс;9;7156;;9;7.666666667;9.333333333;9;101.73946;56.287647;8664797_ostrovok
Апартаменты на Южной 45;;1805;;;;;;101.62083;56.14575;10054704_ostrovok
Санаторий Солнечный;;2962;;;;;;101.66502;56.1727;6609405_ostrovok
Апартаменты Солнечная;10;2688;;10;10;10;;101.76359;56.306274;10172908_ostrovok
Поделам в Братск на улице Обручева;;2709;;;;;;101.623215;56.16188;10486231_ostrovok
Апартаменты на улице Володарского;;2040;;;;;;101.609276;56.159363;10850424_ostrovok
Апартаменты на улице Погодаева 9;;2888;;;;;;101.75804;56.307293;10211886_ostrovok
Апартаменты на улице Металлургов;;2584;;;;;;101.62196;56.172733;10850349_ostrovok
Апартаменты на Иванова 21;;2190;;;;;;101.736534;56.318512;10093493_ostrovok
Белый Берег;;6990;;;;;;101.66097;56.157047;11201966_ostrovok
Отель Луна;6.2;2000;;9;8;9;;101.61804;56.163895;9752435_ostrovok
Апартаменты на улице Мира 54;;2176;;;;;;101.62917;56.161316;10850281_ostrovok
Апартаменты на улице Обручева 6А;;2018;;;;;;101.620285;56.160053;10054706_ostrovok
Апартаменты на улице Южная;;2312;;;;;;101.62088;56.145794;10850350_ostrovok
Поделам в Братск на улице Курчатова;;2322;;;;;;101.63054;56.161858;10486232_ostrovok
Апартаменты на улице Обручева;;2584;;;;;;101.62017;56.160084;10850278_ostrovok
Поделам в Братск на улице Мира 50;;2451;;;;;;101.629265;56.160397;10486230_ostrovok
Поделам в Братск на улице Комсомольская;;2322;;;;;;101.6152;56.158558;10486233_ostrovok
Апартаменты на Мира 54;10;1699;;10;10;10;10;101.6295;56.161243;10054709_ostrovok
Поделам в Братск на бульваре Космонавтов;;2064;;;;;;101.63794;56.14734;10486236_ostrovok
Квартира  однокомнатная на Погодаева 6;;1493;;;;;;101.75533;56.309734;10859314_ostrovok
Квартира Status apartment;9.85;2672;;9.5;9.5;10;;101.74672;56.317383;11193000_ostrovok
Апартаменты на улице Мира 9;;2312;;;;;;101.61495;56.149292;10850384_ostrovok
Квартира Однокомнатная в Центре Энергетика;;1493;;;;;;101.76218;56.305584;10858696_ostrovok
Апартаменты на улице Гиндина 30;;2589;;;;;;101.739784;56.316856;10211262_ostrovok
Апартаменты Студия Близнецы;;2688;;;;;;101.7407;56.316837;10135016_ostrovok
Поделам в Братск на улице Муханова;;2580;;;;;;101.618904;56.17669;10486237_ostrovok
Beliy Bereg Country Club;;5837;;;;;;101.66097;56.157047;11201632_ostrovok
ИП  Дьяченко «У Георгия»;;3500;;;;;;114.230095;57.858114;315_passport
ИП Бабаева «Нарын-Кала»;;1250;;;;;;114.207116;57.85288;316_passport
«На Байкальской»;;1100;;;;;;114.199867;57.847975;317_passport
ИП Цзоу Юн Кхан «Изумруд»  гостевой дом;;1000;;;;;;114.197576;57.850907;318_passport
Hotel «Тайга»;;1600;;;;;;114.202759;57.846883;319_passport
«Байкал»;;1430;;;;;;99.66182;56.087369;537_passport
ИП Верхотуров Белые ночи;;1000;;;;;;108.009558;61.278961;330_passport
ИП Ковалев Угрюмрека;;1200;;;;;;108.01281;61.277085;331_passport
ИП Чигряй «Маяк»;;1000;;;;;;108.127237;57.771883;334_passport
ООО «Астория Сиб» «Эдэм»;;2900;;;;;;108.117149;57.774863;335_passport
ООО «Крестьянский торговый дом» «Три сосны»;;1000;;;;;;105.861129;53.981369;332_passport
ИП Тетерина «Империя»;;700;;;;;;105.883318;53.961778;333_passport
ООО гостиница «Ленатур»;;1250;;;;;;105.15031;54.809625;320_passport
Общежитие верхнее-ленского района водных путей и судоходства;;650;;;;;;105.165671;54.811643;321_passport
ИП Панченкова  «Теремок»;;3300;;;;;;99.637639;56.096385;536_passport
ОГБУ «Санаторий «Нагалык»;;1700;;;;;;105.312043;53.105752;104_passport
ООО «Рыбачий домик»;;1000;;;;;;103.033206;54.017982;103_passport
База отдыха «Ангара» МКУ «Центр развития образования города Свирска»;;492.85;;;;;;103.330458;53.230061;290_passport
ИП Варданян «ОЧАГ»;;450;;;;;;102.932235;53.174666;534_passport
Гостиница-кафе «Шаман»;;1250;;;;;;102.934193;53.176566;535_passport
ИП Сторожев Гостиница «Уда»;;1000;;;;;;99.035586;54.909504;345_passport
ИП Лютерович Гостиница;;1300;;;;;;99.045476;54.907651;346_passport
ИП Сиидова Гостиница «Хан»;;2500;;;;;;99.008403;54.919207;349_passport
Профилакторий «Истоки»;;1010;;;;;;99.028929;54.895051;350_passport
ИП Шукюров Гостиница «Полюс»;;1500;;;;;;99.032846;54.90512;351_passport
ИП Федосеев Гостиница «Магистраль»;;650;;;;;;99.04854;54.920703;352_passport
ИП Потапова Т.А. «Паллада»;;1440;;;;;;98.623448;55.552795;353_passport
ИП Жилинскас  « У Петра»;;1680;;;;;;98.620483;55.559695;354_passport
"Санаторий ""Нукутская Мацеста""";;2300;;;;;;102.706587;53.699674;100_passport
ООО «Дельта» «Звездочка»;;1400;;;;;;102.70868;53.70049;355_passport
«Тайга»;;3875;;;;;;107.452243;56.178839;325_passport
«Мария»;;850;;;;;;107.443062;56.176574;327_passport
ООО «Север строй» «Север»;;750;;;;;;107.440933;56.17683;328_passport
ООО «Империя»;;1000;;;;;;103.874092;53.391223;478_passport
ИП Котлярова М.В турбаза «Александровский пруд»;;650;;;;;;102.655015;53.336699;101_passport
ИП Иванова Н.М.;;1500;;;;;;102.787454;53.349945;102_passport
«Белые росы»;;700;;;;;;102.502221;53.552335;322_passport
ИП Галаутдинова «Фортуна»;;1000;;;;;;102.499831;53.571979;323_passport
"ООО гостиница ""МЕТЕЛИЦА""";;600;;;;;;101.534106;54.346328;338_passport
"ИП Купель ГОСТИНИЦА ""ЦЕНТРАЛЬНАЯ""";;650;;;;;;101.522015;54.353628;339_passport
ИП Макаренко «Трактовая»;;1300;;;;;;97.998993;55.912577;524_passport
ООО «Гарант» «Бирюса»;;2650;;;;;;98.002937;55.940881;525_passport
Общежитие дорожного центра обучения;;1093;;;;;;98.007033;55.941591;526_passport
Гостиница «Магнетит»;;2075;;;;;;104.123509;56.577481;340_passport
Санаторийпрофилакторий «Дружба»;;400;;;;;;104.115667;56.590226;342_passport
Гостинный двор;;605;;;;;;104.114292;56.584848;343_passport
ИП Волкова О.В. Рублевка;;2000;;;;;;104.125593;56.570514;344_passport
"ООО ""Исток""";;1700;;;;;;103.780945;53.153477;105_passport
ООО «Галута» База отдыха «Хайта»;;4000;;;;;;103.204595;52.807668;527_passport
База отдыха «Сосновый бор»;;550;;;;;;103.185192;52.865773;528_passport
База отдыха «Белая»;;1000;;;;;;103.185192;52.865773;529_passport
База отдыха «Песчаная»;;250;;;;;;103.369733;52.856443;530_passport
АО «Бизнес Центр Байкал»;;1200;;;;;;104.75312;52.805839;541_passport
ООО «Спектр»;;1400;;;;;;104.755402;52.786106;542_passport
ООО Гостиница «Центральная»;;1400;;;;;;100.578766;54.557814;291_passport
Комнаты отдыха для спортсменов  в спортивном комплексе «Шахтер»;;293;;;;;;100.602068;54.530813;292_passport
ИП Шенеман гостиница «Шенеман и семья»;;1710;;;;;;100.602167;54.528258;293_passport
ИП Деревнин Гостиница «Уютная»;;1200;;;;;;100.590076;54.574539;294_passport
Гостиница ООО «Верста»;;1100;;;;;;100.60585;54.532333;295_passport
ИП Кандалов Гостиница «Усолье»;;2300;;;;;;103.638679;52.757771;296_passport
ООО «Тонус», Гостиница «Луч»;;1200;;;;;;103.643701;52.759269;297_passport
Гостиничный комплекс в МБУ «Спортивный комплекс «Химик»;;250;;;;;;103.661622;52.737928;299_passport
ИП Аксаментова Гостиница «Елочка»;;1850;;;;;;103.656888;52.728288;300_passport
«Экспресс закусочная с гостиничным комплексом»;;2000;;;;;;103.633613;52.746226;301_passport
ООО Санаторий «Усолье»;;2740;;;;;;103.663922;52.759395;302_passport
Гостиница «Дом для приезжих»;;2850;;;;;;103.076909;53.141941;312_passport
МУП гостиница «Кедр»  ;;900;;;;;;103.081652;53.146661;313_passport
ИП Часовских Парк-отель «Shelest»;;2650;;;;;;103.073351;53.136739;314_passport
Гостиница «У Тиграна»;;1750;;;;;;103.658127;52.740175;298_passport
ООО «Тайга Игирма»  Гостиница «Тайга»;;2800;;;;;;103.92543;57.15215;341_passport
